0,862f473a1e4841f90a42e3dcc7a13464_anno.geojson,provisional
1,5373c6603b7231a5479370175d6589d2_anno.geojson,provisional
2,ae8789f7b069d5f63ec5c010870b2af1_anno.geojson,provisional
3,14ced58806caa536ae59050373d2f968_anno.geojson,provisional
4,a420ebbf9bf973cfc39582171845bb32_anno.geojson,provisional
5,303716f36d68dcd36c37a7b49edf1f6c_anno.geojson,provisional
6,c12a1a9122c4172b861ee9eb633323c0_anno.geojson,provisional
7,2f47e8e00f5347d27e9279a00512e943_anno.geojson,provisional
8,2dce67390d2502f115b2d53e321915a4_anno.geojson,provisional
9,6634aac374c42c6f50d7e9bca51abb9e_anno.geojson,provisional
10,90cbd88968eb89ecaeac42ae8412f058_anno.geojson,provisional
11,848cd73b0f96e8c1397e856de7140d2a_anno.geojson,provisional
12,11ff47791fdd1eb2c951660806f61f8d_anno.geojson,provisional
13,9922bfed92a5a1e0c0714b0955beaf71_anno.geojson,provisional
14,5998cb1ca20c47685c1c1a265fc5c858_anno.geojson,provisional
15,cd55f2088dbc12204f1de7c5e1610a81_anno.geojson,provisional
16,7ea598f4999d7c1ceef3e4edbd4e4e01_anno.geojson,provisional
17,a607b27a0db1608a14267529bd88f083_anno.geojson,provisional
18,7b69ca18d38215a224146eed99b7984a_anno.geojson,provisional
19,d5cef9bde6513ab262eb722e49dfc355_anno.geojson,provisional
20,a7255ec1a98e8ec515c0aaa1a185e647_anno.geojson,provisional
21,bca3a8708a92af080441f2ab84f164dd_anno.geojson,provisional
22,53ba052fed4a5a1d8d4e1707fc7b277c_anno.geojson,provisional
23,d67407e93341edf7dc0ba05112040f0f_anno.geojson,provisional
24,21d3339d28ba0c6f954b4c510e7fd04f_anno.geojson,provisional
25,2e05cd709c58576dfd69985a6dc9e484_anno.geojson,provisional
26,373e8cf020436850293df14945ccc499_anno.geojson,provisional
27,c3eccf61785c23fef33d4466b3d0df44_anno.geojson,provisional
28,77fc85c3935489452f6b784db2fef0dc_anno.geojson,provisional
29,b99706fd9562ab10b5a9f625f26abc40_anno.geojson,provisional
30,ed4968e1fcf7fe2389f80ab84b893002_anno.geojson,provisional
31,f0bd564919fc828372049614d04d4a8f_anno.geojson,provisional
32,2efb3d25f1b22f28bf1bdc846314666c_anno.geojson,provisional
33,2eb004a0a7c7599843a1112a0e859af6_anno.geojson,provisional
34,af6cdc75635adf25d6bf623fe54c4151_anno.geojson,provisional
35,b6515668b6289140bb403e7a632e6fa9_anno.geojson,provisional
36,d7f10d2ec4d722a37b849313b66132ed_anno.geojson,provisional
37,c5f747a0bf90821c75169a48e693d723_anno.geojson,provisional
38,8ef7102562265994a79faf608a41e9c2_anno.geojson,provisional
39,23e4905bb784e63cffb525738af4ef99_anno.geojson,provisional
40,93a301e1bfd128e1e5759cd60e0966a4_anno.geojson,provisional
41,d6621c0ff5fa44b0f1b88beaae29f6ed_anno.geojson,provisional
42,3dd878dc692ed16a192729aa41dad5d3_anno.geojson,provisional
43,8459060bc3752eec5b4293f45931e95c_anno.geojson,provisional
44,8dfdcf49762deb5b55b3c1840777e422_anno.geojson,provisional
45,2b0052f4e69927fb02608ad141844612_anno.geojson,provisional
46,b544e3b4813a1a2eb8611fa0f650e61a_anno.geojson,provisional
47,98b91fdc44de519f2f5f9d21125806a4_anno.geojson,provisional
48,fb716e05874936e3940feaa54cbe9413_anno.geojson,provisional
49,1482195dcb8c140a8d80e30a728f63c4_anno.geojson,provisional
50,efd070de579d50272923bc755af83daf_anno.geojson,provisional
51,925aaa62a4d58b97458a2214a480af8c_anno.geojson,provisional
52,467060dd0e276dc0e94c06964eedac7b_anno.geojson,provisional
53,575230bcfafd092e2418cbd4863ed81a_anno.geojson,provisional
54,0616366b75381b6545aceff2206eb966_anno.geojson,provisional
55,4b1e09a058bde0400415015c86cd2655_anno.geojson,provisional
56,d74d3dfa5f7507f63e78580f941481ae_anno.geojson,provisional
57,4382b200905bab145793c265fef0fd53_anno.geojson,provisional
58,fc93c31808ea87323d356aed7ca84f05_anno.geojson,provisional
59,ec1a9a88c7ad8f977200fe2beb97b193_anno.geojson,provisional
60,ef3d8901a317fdd1f8fab69c2c70df3d_anno.geojson,provisional
61,a13acf343fb3c9fd019830d06b11cac9_anno.geojson,provisional
62,6f1ffdd289fb406686f761f1f4534ca4_anno.geojson,provisional
63,1853b69f7ed35a96903bc006b60ea037_anno.geojson,provisional
64,d5b98f49b778d49726472bba1ae04ad1_anno.geojson,provisional
65,ad7ff74a50a7f12c0e1ed33f1ebd3a19_anno.geojson,provisional
66,781e29dc66977135fe36a209d46e95b1_anno.geojson,provisional
67,7ee1268785d0566a822e69bfbac3c860_anno.geojson,provisional
68,005e8c8dfa96d9b549de945ebdea425a_anno.geojson,provisional
69,ed281341e9e2d06eeddedc918839e769_anno.geojson,provisional
70,6e6a52251635943988571ab8d057a5f4_anno.geojson,provisional
71,e3f029cd020a1f06b67b0b519b9c3430_anno.geojson,provisional
72,8f799736a3e68b594dc661028aae1cd5_anno.geojson,provisional
73,3a5dc35fbab513c842b4e7ef6bd476f2_anno.geojson,provisional
74,9cbba792be44e4efcca983fd662b4ab6_anno.geojson,provisional
75,942019f383adc5d516730f6844792845_anno.geojson,provisional
76,8610c3fb04ec73ea976c9f041c9b5bb1_anno.geojson,provisional
77,933d6d28f0d6a009aee13652b08414c0_anno.geojson,provisional
78,2b089ca217d9d36342f7deb19b2e01d5_anno.geojson,provisional
79,4e4d68f70ef6376306fb96ca9e47a389_anno.geojson,provisional
80,5afd72e90907b2332db56e88112b900e_anno.geojson,provisional
81,51f924e811805f6820d0dd9602b89c51_anno.geojson,provisional
82,05d4adad984c68097b926944938fbb9c_anno.geojson,provisional
83,abbff2da7697d79fc69cc30fb44d32e5_anno.geojson,provisional
84,3212bb3c1e3163cd2bf5032de893b2e9_anno.geojson,provisional
85,c18700aaec006c7d864cfed7a1331b54_anno.geojson,provisional
86,3c2b56d2b2d4182f4d350f26adf7cedb_anno.geojson,provisional
87,dc8197e79b72319ad2edde78eb11ec7d_anno.geojson,provisional
88,6eb195e3f880bfdae705add524741912_anno.geojson,provisional
89,b262058bbce5af4603b1a3fc2c3b1cbb_anno.geojson,provisional
90,83a52f7477a50fc5a9a852b538515291_anno.geojson,provisional
91,ba84e0b377b5a7f848eace8aabc10c0c_anno.geojson,provisional
92,20b8b13c2b526b4a8474908709129e05_anno.geojson,provisional
93,3fe942ae836e26e5f60d7c932fc75ac1_anno.geojson,provisional
94,2eb1fb3de4926702d37490c33b9b748f_anno.geojson,provisional
95,b54d4a83b773c89625644030462cff40_anno.geojson,provisional
96,f0b326068ce5745f74c07e2524855e75_anno.geojson,provisional
97,fe8aea50b5ecc96ccc2d72423dfdc9de_anno.geojson,provisional
98,04ee3eb7829d390f1c56028b86cf8de0_anno.geojson,provisional
99,8e537752f9bcfad6c2634013119b96f5_anno.geojson,provisional
100,252e694a9d9f78ac1d846d73771397a2_anno.geojson,provisional
101,aff27d7c52ca66160f47a6692b980ed6_anno.geojson,provisional
102,28208444f2b370088e3f907297c2509c_anno.geojson,provisional
103,55a49caa7fca9b7b6793064faee28f1e_anno.geojson,provisional
104,74aef82b4318d29795d7ff1f2f40850c_anno.geojson,provisional
105,0923367c6049dc233e1cf0c1489ecb69_anno.geojson,provisional
106,39fa6f85a9be6421315f9e1861135002_anno.geojson,provisional
107,fe3bca36050c58e566f101028b1dea0a_anno.geojson,provisional
108,58a9666d0396e1f8f08b9447c5fdadd9_anno.geojson,provisional
109,c94e3441db3d78ec3a6697f15e6ea39d_anno.geojson,provisional
110,d4147a4db2f0fb73408ac6b25a95fe2a_anno.geojson,provisional
111,9d67d3bb9663f5cb67020d8458375f5e_anno.geojson,provisional
112,a0c0d33eaf59b53d11f94d84e5e5ed86_anno.geojson,provisional
113,ad6cf0eef53209e81807d981302baf57_anno.geojson,provisional
114,f58e5ece6cb070b2a6dc43420ea8307d_anno.geojson,provisional
115,c1045c9cf9134265696e30dc1f33c59e_anno.geojson,provisional
116,999509d97d78598f7629d1d73e9a99e7_anno.geojson,provisional
117,8bb0b4054cee6aa42d6a0ee1799f825b_anno.geojson,provisional
118,12c9149b3f2fb09d2775b252a6940813_anno.geojson,provisional
119,2665ced7611f1a8a501cf28bb5ac2c5a_anno.geojson,provisional
120,e67e35e84378c7b44727fa55ecd843a8_anno.geojson,provisional
121,d22a7ec0495e8b00fef784963f569277_anno.geojson,provisional
122,7ea222508f67411c8dd8a7f3756ccc2c_anno.geojson,provisional
123,fa2edc031ddeb194a48c6dc640a38a4e_anno.geojson,provisional
124,1b69b007231ff70d735f9cb38cddf022_anno.geojson,provisional
125,944a03aa939be7cce64884d1db9c0604_anno.geojson,provisional
126,67e58d9293e3421a470953133196def4_anno.geojson,provisional
127,6b90f7bd7dec7c1e97ba4d1f633c5b7a_anno.geojson,provisional
128,d000a2a25f0f12b8c510d73d73174ae1_anno.geojson,provisional
129,3ebbde1fdff4d419519e637cfbcc5d89_anno.geojson,provisional
130,270c9bfd7482ff777dd514634beceed2_anno.geojson,provisional
131,69ca39a74863b887041b6348b12d5214_anno.geojson,provisional
132,554485810db5a65ad9f764190f3224ce_anno.geojson,provisional
133,86385c6deef97a2e896d50cfa0e67670_anno.geojson,provisional
134,09fb68487af9eb6c6adb505f8682b1a1_anno.geojson,provisional
135,501b56e8cdc5e6bfe577df0e38afc38f_anno.geojson,provisional
136,06a68488668c2e76300458d838c82741_anno.geojson,provisional
137,33ece47ee41b5f9f703c27002e1b4b68_anno.geojson,provisional
138,2d2d3c0fb3236f48afa21a6dfe2bae71_anno.geojson,provisional
139,ecec6abf598a730189f0b89c6cc12995_anno.geojson,provisional
140,eae32fa19f0ffa22d2c09c90aff9146e_anno.geojson,provisional
141,0ddf49b8f1c65c205e954678c10d0b4f_anno.geojson,provisional
142,4a9b9fe36ee1983729cd532c5773d4a0_anno.geojson,provisional
143,3ea385cadcc0b9306212f0dee6629496_anno.geojson,provisional
144,aa2c6261227b50946978c369e6b6f22b_anno.geojson,provisional
145,743739b9a095dfbc56a670239249b089_anno.geojson,provisional
146,15587ba518d7add4aab945993c3cae5a_anno.geojson,provisional
147,25c9043d99fa700ee4e0a9b7a5ac66be_anno.geojson,provisional
148,ec3e08c8292b6b7cee8357922baed69b_anno.geojson,provisional
149,a5f5960799eacff47b477909b0849462_anno.geojson,provisional
150,a4cceca83a661aa2178a809b04b20b36_anno.geojson,provisional
151,2a47b1a21325d8fa68b1e54587fb35fa_anno.geojson,provisional
152,4d9f49a97dc5552c982c806c4df4cddc_anno.geojson,provisional
153,1589cc306196b6d8792d63aeaeed5de8_anno.geojson,provisional
154,bfe159d5f7d49731e33904e1273cf6ba_anno.geojson,provisional
155,47ffdbaca3ef0c709335a1b71d9813f8_anno.geojson,provisional
156,dc10395b5b6994662b999452d513f16a_anno.geojson,provisional
157,9f80b12ca7c4d0c558660b8e496d3e7d_anno.geojson,provisional
158,abfcfa8639637cb271eec0d3eab8def6_anno.geojson,provisional
159,be407a9296a8a323e4b4b782575dd34f_anno.geojson,provisional
160,670b6e63396522a0f689d83be12f00c8_anno.geojson,provisional
161,350e86ee4124fbc95b79d944ffdbd6f7_anno.geojson,provisional
162,aa7ad5d57032fee82265c0abfe948679_anno.geojson,provisional
163,b5ad122382b0121868f89262ea59a5e5_anno.geojson,provisional
164,13973b3d21e05f535fbbe7c705cb99c3_anno.geojson,provisional
165,6513a97ea3b9bddc5dde3a384f271bfd_anno.geojson,provisional
166,1100c63d7fb9b1a3cffb2443bce36d01_anno.geojson,provisional
167,273dfaf749e3e4bfac9061ec900c875c_anno.geojson,provisional
168,0d4062a46db57f951b0aaeca32240206_anno.geojson,provisional
169,1dfbaac7479fd7f98e9bf995e2a03148_anno.geojson,provisional
170,541c8655283a4519cba6040573a9571c_anno.geojson,provisional
171,a83f095c7b5a69174ab0d29d3b9cfa64_anno.geojson,provisional
172,dd0c6f24992e52bc658aaf58492acae1_anno.geojson,provisional
173,4237ae200b77e725ac323aa029f9155f_anno.geojson,provisional
174,e2d9633bf74fdaa92d515419539c99e9_anno.geojson,provisional
175,bcddea13161104b59edb0e6f989a52d8_anno.geojson,provisional
176,1d374631ea2676d0e74c4989418d91d9_anno.geojson,provisional
177,620d621ecb93a9493f9c832a768219ef_anno.geojson,provisional
178,8bd833c7e3d9b91d9b6acd836518b52e_anno.geojson,provisional
179,e3ebe7225ac897dc35d155401867bced_anno.geojson,provisional
180,f314e3bb2591ed25d308e97dd6da9198_anno.geojson,provisional
181,83258a6f9f50974634f0ddd351e0f373_anno.geojson,provisional
182,0a3b05b2be0d17a20903bb7af19cf3f8_anno.geojson,provisional
183,2cd3d0ddd81d0123056209d00d401f86_anno.geojson,provisional
184,34f3e030840735ffe2628daaee474e46_anno.geojson,provisional
185,e4818d74a713bb37a2690f8fe3262cef_anno.geojson,provisional
186,d626772675f6b7df1d31a9dd97708731_anno.geojson,provisional
187,1224820c24762b8d6bb19a8437cb816a_anno.geojson,provisional
188,573c73384c1766c60445837e1751c90c_anno.geojson,provisional
189,46a2580e80d76d24eb133035173b7fb4_anno.geojson,provisional
190,a13641e9bbec3a62a533ef02d27c07b3_anno.geojson,provisional
191,2e405a68f845f26e2c020ec16826e16c_anno.geojson,provisional
192,b6c10c2123bee18b5b443838f704b1fd_anno.geojson,provisional
193,42717e7d7de975abe5fe9b14630f5c02_anno.geojson,provisional
194,98ffe638871916763efa749d4e2d6ada_anno.geojson,provisional
195,96a6a9a059e9faed48dcf8bbbdadf880_anno.geojson,provisional
196,e7f9fd194a778314b401fd20e8eb46b8_anno.geojson,provisional
197,f4bc667888038549b5748c30897f07d3_anno.geojson,provisional
198,886bb209cbc3e06edb43efbdd761a333_anno.geojson,provisional
199,28d6ec8df2f8f79ff2d3821cb30df4e8_anno.geojson,provisional
200,c895fa4cd2558be40dc2b53bc8e52a4b_anno.geojson,provisional
201,1858c2f71db6fd489cf4ec6fdd8393cc_anno.geojson,provisional
202,fd19253051257541e5b012de4fe89aa1_anno.geojson,provisional
203,05984df9bd80ace06f7e9b776d3be13d_anno.geojson,provisional
204,854655ef1e75edc043c8d4556e931381_anno.geojson,provisional
205,80b420372437cba7a8fc5095a34061c0_anno.geojson,provisional
206,a74824dc152308b636eeb71885939803_anno.geojson,provisional
207,3a0936c92bec3ae289b1de8c3f630a09_anno.geojson,provisional
208,6ea9b5702f174af4b1e87c5b8b3dd87f_anno.geojson,provisional
209,0c09c992bf8aa05a0abe0f504bdcbacd_anno.geojson,provisional
210,50bb27977e390e158f57bf6efa2359bd_anno.geojson,provisional
211,f9920e0a36e8222cf7638734a80955f4_anno.geojson,provisional
212,a9fc3d96c30b6ad3bc6f46964bd4796e_anno.geojson,provisional
213,4ca3d935a015d11fa532d8797e706fab_anno.geojson,provisional
214,72407f9855c06490ab4d067c2e1cf577_anno.geojson,provisional
215,794d267001abc66578380b81b570889d_anno.geojson,provisional
216,dbce10d30e47fd7884a62076f8183cb5_anno.geojson,provisional
217,99ea36e5fc49b1befdef24c34b134dcc_anno.geojson,provisional
218,d880b47a93e8def94758336056e69472_anno.geojson,provisional
219,5c1db9c5088a8f2061c8961b8770709d_anno.geojson,provisional
220,15baf7473dc61ee0f8d77b93722ccb7a_anno.geojson,provisional
221,b987b130560018d98983cfa65bf5633a_anno.geojson,provisional
222,7386b67fdee4b96fc8ff7e03bda62d7d_anno.geojson,provisional
223,775a86c7bde4d9d2ed1e4f2dbcaa7f3e_anno.geojson,provisional
224,266c1fca04ebc433ff53785265e04cdb_anno.geojson,provisional
225,de10addfad880923c9eae9129fb3c7e1_anno.geojson,provisional
226,b197c6670c5f15bcf2543c29fd007387_anno.geojson,provisional
227,2c5f886c06f996e7f05be8400ddb2fd2_anno.geojson,provisional
228,6e789103df7aec3d17af676dd4b8c876_anno.geojson,provisional
229,9be03f06161c61dbcfed4146ff8883ee_anno.geojson,provisional
230,e6679e0e86b4d03077867bb11c97dd02_anno.geojson,provisional
231,97774f14956cc6d56224b8381235812a_anno.geojson,provisional
232,31d9751230b2695d416ae6d30077c4ad_anno.geojson,provisional
233,7e213d961fd08a7a049085b4bc2d8632_anno.geojson,provisional
234,6ace14da9bffdbb599cef266ddd420bd_anno.geojson,provisional
235,14813f4ccbbc09de3fc1b5a6c7881eff_anno.geojson,provisional
236,f7309ba2b37650ce6976ed159eee2c16_anno.geojson,provisional
237,fa2fc9ec77882e82cdfa577ec7482aab_anno.geojson,provisional
238,ea73b816a1abe339952b18e9ece2d824_anno.geojson,provisional
239,c0fb33cca8d7bde60c544839ccfc54a6_anno.geojson,provisional
240,b0220a7a2f220e6620c5315a35fba979_anno.geojson,provisional
241,33e7fae3292b962ecb16a594034b8dcc_anno.geojson,provisional
242,5f89fe2d00e695cdba3c693e88f2f250_anno.geojson,provisional
243,917c58a885cbaeebf84e6a5e66dbe155_anno.geojson,provisional
244,c04eb1fd9bbb27308749da1ca7d68f01_anno.geojson,provisional
245,cbb4879f0d69331544350e8eaf060b3d_anno.geojson,provisional
246,188b47e830ed7a53940b5e78d0ac77c8_anno.geojson,provisional
247,9806894417c90049af196ca9f32278cb_anno.geojson,provisional
248,b9b737e77e740d715d89210e28f724d6_anno.geojson,provisional
249,e926cde549bf5fef6192529c61c80bf3_anno.geojson,provisional
250,2bc7220408586567f7ea6f75bc81d4c9_anno.geojson,provisional
251,ccd5f68cd4babb2dace4508b7b2f52bf_anno.geojson,provisional
252,673eb45471bbd231b184d14192906471_anno.geojson,provisional
253,f4b91d2903acb21a64d40d7267f46451_anno.geojson,provisional
254,eb0c61dd44bc09bc95f9f8fca0610873_anno.geojson,provisional
255,750cb652f230924e3629817550d177f0_anno.geojson,provisional
256,c8ca06cac2d24c48b4d1e1b57f743447_anno.geojson,provisional
257,aff0c2a58c2a5dcda4027478cb8c8857_anno.geojson,provisional
258,41e621984fc84a7bcf080ba92f8265d9_anno.geojson,provisional
259,0367f80faa6dcb079594fdb58d9b7552_anno.geojson,provisional
260,c1c0385ea6d129cad674f85c1ccfd3f3_anno.geojson,provisional
261,ee1a8f7b5fde4d1d3fb1355868452cb5_anno.geojson,provisional
262,8cdb504c32054e713a157f57db89f804_anno.geojson,provisional
263,dd4ce18481a2700170fddc0cb414681c_anno.geojson,provisional
264,4fbbc4f11b28e124b803e6094e9692b9_anno.geojson,provisional
265,9b0898e12018816d7fddec2f24a70170_anno.geojson,provisional
266,5d68fdbc5e608d20d7c52eb115132f02_anno.geojson,provisional
267,b2f285d02c4a1e1d79e4611a79a35f6a_anno.geojson,provisional
268,834a2b06630aa8aa073f9200b3652e04_anno.geojson,provisional
269,870c60200962189b543c6d09078d48ae_anno.geojson,provisional
270,60b726a448d9a40669847955b05b9a54_anno.geojson,provisional
271,f9bd9b58903787e3f5ef7f7c57093bfc_anno.geojson,provisional
272,5e17e4459e08002c4b5d4ae77598452f_anno.geojson,provisional
273,be493f89849ba4ddaee91e58c9496383_anno.geojson,provisional
274,87dc60cdac3baba997df7d38ecc994c3_anno.geojson,provisional
275,bf5303c1bca22425532b4ae56be7acc7_anno.geojson,provisional
276,69c8029754546f631c5cd64c32206450_anno.geojson,provisional
277,a8842f0208dfd1eaf4219a59de4f4920_anno.geojson,provisional
278,d8a6d58fde753124dbd81a4c141e3e39_anno.geojson,provisional
279,af9820430b3b360bc2992e34a8820402_anno.geojson,provisional
280,4be3343cece7dea4b5586ff784210327_anno.geojson,provisional
281,3bc5c5c35bfafe4d8f1c52941cc22a36_anno.geojson,provisional
282,925d05aca917402fedd4af5112a0cbee_anno.geojson,provisional
283,cf00ee536dbf14a4c9b03d9e8dbb1506_anno.geojson,provisional
284,a89858b6b48ff5b9e1807a1ab73623b5_anno.geojson,provisional
285,5fb56c7b41c8657c77c4f6361bb2ea7a_anno.geojson,provisional
286,7f09bdaa799392364ec6da11501659cc_anno.geojson,provisional
287,d42854f0d04254d60ddb29bde0b5d146_anno.geojson,provisional
288,50c504e1f51f066c7c945e1a6a3c0b83_anno.geojson,provisional
289,f9a8acd018fc17a0f0d4f28809489c63_anno.geojson,provisional
290,19d12b7f74adacb55efce43555b6afe8_anno.geojson,provisional
291,e506c3f512a98c6558cdc9525be561ff_anno.geojson,provisional
292,57dcf7a3c505863131a9dcc01af00303_anno.geojson,provisional
293,63ff460b602df344885af77b49366663_anno.geojson,provisional
294,231a8b758ec1e23d9765ee064000fe4e_anno.geojson,provisional
295,bb8f76879025085a34a73bf50c13cd1c_anno.geojson,provisional
296,6bf7acd6101e394fdcb76e7986647534_anno.geojson,provisional
297,d83c14c1b2f7beae3c14f2af7197bf0f_anno.geojson,provisional
298,a5abe71b518c312a828472f1c690f883_anno.geojson,provisional
299,28f3a6357910cae3a3f6ead5e65598a7_anno.geojson,provisional
300,436b4d6a5c64a4b7e9e9b1d81b2746da_anno.geojson,provisional
301,c6cb91f79bcb5701b65e4794d1a9d9c5_anno.geojson,provisional
302,554cec2c9889993da7cb8c68a71d44dc_anno.geojson,provisional
303,20531d4fd3a49e05e6d969fb6a7f5eda_anno.geojson,provisional
304,99e2ea81b34eaeeeb26be7e875640357_anno.geojson,provisional
305,946ba6051f8ede3df1f10171267bfbdb_anno.geojson,provisional
306,44a1f6975aae8c827a688c4de0b7e2f0_anno.geojson,provisional
307,28c6d16078dbc0da534569eb71537cf0_anno.geojson,provisional
308,59f62bce85ff999152bdbea830ca875a_anno.geojson,provisional
309,a3acdb99b82eea1621fb2b1804e8c0be_anno.geojson,provisional
310,438873a7208994af06cc5089153953c5_anno.geojson,provisional
311,29a94e566ca16b1c97ea4efb04f42a55_anno.geojson,provisional
312,b31b8e19e482913b860ce6d79bb0c82f_anno.geojson,provisional
313,66a779326c1ca6b3a92fb5bf31d79b61_anno.geojson,provisional
314,9e0b3979010a9008939db6e472cefd39_anno.geojson,provisional
315,6e19089981d8e6222d0b12e3fc3ce6c2_anno.geojson,provisional
316,507d995a314fef218e42ce980743d6d2_anno.geojson,provisional
317,a49a736cec5183ab52f078c82f1fc1e8_anno.geojson,provisional
318,21c94845c1c6663be453843de45e6f1b_anno.geojson,provisional
319,e90578cc0367b81eadf5ed3e9ede9af4_anno.geojson,provisional
320,210ab6da2328c343c34d6ceb7b9e5f4f_anno.geojson,provisional
321,859a423570f7ec06ecf09b99829c6299_anno.geojson,provisional
322,a818812fbcfbc889692f92b5ace9f182_anno.geojson,provisional
323,42154a77c9293a57404d37787c4696e8_anno.geojson,provisional
324,3938346eec5e1e14fc1e67ca18e0b9d9_anno.geojson,provisional
325,6fa5705a5ff88876209e4403399b809f_anno.geojson,provisional
326,74428f718063a6cbe048d6bed12570ef_anno.geojson,provisional
327,0c8c6118cae5a6b3dc900ea8d403cc93_anno.geojson,provisional
328,7b2dbed10396e1f7efc70139d9878efc_anno.geojson,provisional
329,f803dca3397e31e6cde5591eb375f82c_anno.geojson,provisional
330,a915b658d80a9f9a399f462264db1b34_anno.geojson,provisional
331,05420fe661c54a995f33beb0b96596be_anno.geojson,provisional
332,e7a1e0ff5d2240282d060c4033817474_anno.geojson,provisional
333,b0b82db669e62dc687715652a510e857_anno.geojson,provisional
334,2e1d9ef0184d73b4401c4e1c02711242_anno.geojson,provisional
335,537655695966f91afb1b8ecf179558fc_anno.geojson,provisional
336,da587ce3028402850bfc5ad380ee17bc_anno.geojson,provisional
337,dbca9a692b023e0a86b1cfd73a4c257d_anno.geojson,provisional
338,a4e726302aa055c2baad75027603a55f_anno.geojson,provisional
339,14c5e8b86fdf37c44e27ce95b288d949_anno.geojson,provisional
340,2f584cedeeec13b50df54068a98ce8b3_anno.geojson,provisional
341,f158a578ec90773785344fc4bcb77b31_anno.geojson,provisional
342,46a37a644723f8ba4e0c58f6b3cb672d_anno.geojson,provisional
343,74759111760cfb03340e9fd598cbdb62_anno.geojson,provisional
344,1e9725387d188f65b6f567af998365a0_anno.geojson,provisional
345,50eab3d436126efabda61f2fd6864c32_anno.geojson,provisional
346,a292ed95e19a248c86b670579c064f2d_anno.geojson,provisional
347,befa40cfa500bb6880eda4be00a5d451_anno.geojson,provisional
348,e3034e3642c753311fec276b7761ac87_anno.geojson,provisional
349,f09b7d9f3d05fa4a4d98461711002d96_anno.geojson,provisional
350,508ea00e7886525a9fbb719c1d1aaef2_anno.geojson,provisional
351,a666e1afcd81b6c08ec2f83996403f3a_anno.geojson,provisional
352,ba4dec286ea7bd044cb0dc9a008f7331_anno.geojson,provisional
353,7fa702842d7af169e183d79d0b5be3b8_anno.geojson,provisional
354,313c75650ce8ba2b922e65cd41c4d258_anno.geojson,provisional
355,db67e3e258f42cf9df908f57932893c9_anno.geojson,provisional
356,d9a1d5c237d5f3fc6c1e0c453aabb8ba_anno.geojson,provisional
357,e1d05d73321196a2f3146245e2a3ebb0_anno.geojson,provisional
358,1520efcd2cc9fb697ede732292062e3c_anno.geojson,provisional
359,2cde612e1317b096255bea7ce3e544a1_anno.geojson,provisional
360,4241488e9070eb4f67e7b3c80b70f4ba_anno.geojson,provisional
361,3f7ac393ee3b5d569272ebd5bdd51691_anno.geojson,provisional
362,18fd54e4703250cbb6af6ebf74eb3a79_anno.geojson,provisional
363,6db801b9919131c63fd4f29217ac036c_anno.geojson,provisional
364,701224581fadb3ee668a3134eb62a15e_anno.geojson,provisional
365,e3e204be5c1b1c94e00b669d037cb6e6_anno.geojson,provisional
366,445c9071f18686674bc62896958f703a_anno.geojson,provisional
367,930d0b18a8998efc4ca1875a76363e69_anno.geojson,provisional
368,ef01f1805a641258ae48ac6ef189c37d_anno.geojson,provisional
369,502e3e65cec7e03ee012eec835a2e513_anno.geojson,provisional
370,399fbd57fc56a126e4eed3b50ddb7390_anno.geojson,provisional
371,5905cb01952ce5019cca612a3d871dda_anno.geojson,provisional
372,f163c4843f054fb40c8694e3b2a67db0_anno.geojson,provisional
373,cf7bf266d836da847565091f64255fba_anno.geojson,provisional
374,c30d26ec40b826f206b87302704e1b15_anno.geojson,provisional
375,17a9596b9594ffc782edb1ace34f0272_anno.geojson,provisional
376,0d29025c0c327248317cad03e959558a_anno.geojson,provisional
377,4c0ca0d0bc69b7ce1860493c54fa0518_anno.geojson,provisional
378,c760eb4fd141db55b6788fcedbbd009d_anno.geojson,provisional
379,4e984d98724215f4976f7592c980148a_anno.geojson,provisional
380,2e542a4cce44a68f835cd4ce0ee50b48_anno.geojson,provisional
381,8cecf39ea48c165134dd4fd85b9f971b_anno.geojson,provisional
382,433d2e74d1deb13f111f78cec846d6a1_anno.geojson,provisional
383,dd2802f6bdbf71236064bc4d7308ed63_anno.geojson,provisional
384,e011ca913acadad47b0a4cc0a35d3b81_anno.geojson,provisional
385,6d80ef1983aebc3144229406219c3e16_anno.geojson,provisional
386,37b4084b5dac8321c418d732b4e9296b_anno.geojson,provisional
387,551ed190af9e34906f72451188fd30f1_anno.geojson,provisional
388,c04f08cff9cebdb6c7c3dee5c3cce8f0_anno.geojson,provisional
389,98d506c4782a1ea00d6e87ef116fba44_anno.geojson,provisional
390,3235e788a9b9da3b4329748cfc863286_anno.geojson,provisional
391,2579261cc1d25ea7253104be2f670a24_anno.geojson,provisional
392,c9ca4007b9aa1c72b19036878490907b_anno.geojson,provisional
393,8f10fa304d04755b159807bc180b615c_anno.geojson,provisional
394,fbe3ad7ec1f7739ba35555da32117faf_anno.geojson,provisional
395,c387b8fd24af29ef10b06a0736a016dd_anno.geojson,provisional
396,1abc3790090a59fa791e6489852d815c_anno.geojson,provisional
397,90d1087e482b71540742695d7be8a477_anno.geojson,provisional
398,10ef9301c920d7d2f484e921bc31a96d_anno.geojson,provisional
399,0678335c3027bdb04ae599ac62d674bc_anno.geojson,provisional
400,0ba721f9e995e05a70fd155656c50950_anno.geojson,provisional
401,c253e8495de4eddec1e8bac27fc4d939_anno.geojson,provisional
402,e7ba1cbe6267cb30dab9ac5d60274eda_anno.geojson,provisional
403,f8347fdc10da065f54a7bbbb2a231800_anno.geojson,provisional
404,6e22f7bfc113cb308771b5c9aaa98d46_anno.geojson,provisional
405,9a2eb8e59e504a94cb804f4b05257a9a_anno.geojson,provisional
406,af2807e51869463e32b0e881d683cd54_anno.geojson,provisional
407,6a7d8f0fdafc1d0484fb0684f146944e_anno.geojson,provisional
408,44a31e69af9aa4c34ffd16b60b15248c_anno.geojson,provisional
409,eb3c1652d19f245b592cdaca660d7554_anno.geojson,provisional
410,6ad4bec3caa16f4ce20682d104660246_anno.geojson,provisional
411,5727f3eb2198a8d7be7ef95d953df26a_anno.geojson,provisional
412,a492bf4b75040f398ab82921583c3fef_anno.geojson,provisional
413,0a6f1dd075363c415cc1b9b8c2e7ed45_anno.geojson,provisional
414,ee01c34815c461725b4822f9e8912483_anno.geojson,provisional
415,a53e6eb24213545cff8097cf9c785c85_anno.geojson,provisional
416,2746de909128e5bac5162cc8e661026f_anno.geojson,provisional
417,3b8606e32f8c5282869ada07916ca5c0_anno.geojson,provisional
418,319ffebc83f32ab4398353ed5e3d8548_anno.geojson,provisional
419,6aa99bf1c0366ab7e6a4d73de5327f40_anno.geojson,provisional
420,46bea870c55f6152d67b19da053bce63_anno.geojson,provisional
421,f0122480e576d732d4add224320a9e29_anno.geojson,provisional
422,d1a94c9e6f2804af0871bfef9252ba6e_anno.geojson,provisional
423,04895b5a00c70272ab1d86789592afa7_anno.geojson,provisional
424,d70ceaee4dc83488c8838fbbc8d6082e_anno.geojson,provisional
425,abc4e724e29c67ecc916e9b96b66ca0d_anno.geojson,provisional
426,4ba10074dbf9c9eaa4a5d000a88e5aa5_anno.geojson,provisional
427,e127243e7e38f9a7670d5512cc1c3a4b_anno.geojson,provisional
428,f6f087c60c860ac0a397e1343f260314_anno.geojson,provisional
429,5c34cd8195349cfc27ccf09487b49afd_anno.geojson,provisional
430,01cb228b7e0601616bb2a54a6dd24b33_anno.geojson,provisional
431,71c5e6973b0a0dbc0921bcdf9e8ebd7b_anno.geojson,provisional
432,01d931994f0d1a24671596677feb9ab4_anno.geojson,provisional
433,ca05161360894dbaa69191817dc17e40_anno.geojson,provisional
434,3e3014c6351810daf0dbf7e6e61a9c31_anno.geojson,provisional
435,f3e3b00374af8f71d47f822f7cc4f0e7_anno.geojson,provisional
436,df4a81d79839f09bac074915e335226a_anno.geojson,provisional
437,97a2145ccc79965cd9706d96ee8a6c1c_anno.geojson,provisional
438,f9894018efba8ef361752cc848bdcde9_anno.geojson,provisional
439,2460f19c96e4050b9d65efa2d6a69fdd_anno.geojson,provisional
440,48b4fb9e42604ba99e23408cc1e611a4_anno.geojson,provisional
441,f5cdec55f22e52f2c8e7321ca91560de_anno.geojson,provisional
442,1115f29e11fdda872b523fcbc5b78831_anno.geojson,provisional
443,8beb1a0170e1b6d1c49ea9ac4bd86fef_anno.geojson,provisional
444,692d26be97fb16df4c220a901b9b34cf_anno.geojson,provisional
445,d4ee9e7f97064d70298293d18a2a3e47_anno.geojson,provisional
446,26e697c00bb883109e2741c20910f619_anno.geojson,provisional
447,9ccb1184d6c7fc27fe26767a0c6c500c_anno.geojson,provisional
448,5cb8854aa124e935f31ed574416691ed_anno.geojson,provisional
449,6b64f244e0d359580414fd82d64ac0bf_anno.geojson,provisional
450,b151a914d12465cb60e32a3ae7cd1fdf_anno.geojson,provisional
451,7b9368d327888e69af3719133e77c6e6_anno.geojson,provisional
452,c24abea79c11e79d5c74da99ebe126d8_anno.geojson,provisional
453,68a03245a5dc717e2b7ae87a4bfbcbae_anno.geojson,provisional
454,f1aa7c5e496b7ee628bc30556e916109_anno.geojson,provisional
455,75009d6cd73810e8d7483496617f0455_anno.geojson,provisional
456,48562941a58e602981b1627de5e72b84_anno.geojson,provisional
457,6d729e7fa0f5071810cd22a18404527c_anno.geojson,provisional
458,38f2ca5e599071768d8593f5d1352e47_anno.geojson,provisional
459,3bf0d97bb2c9e828d4ce64817c73f58b_anno.geojson,provisional
460,3fec47e6bede644381c248ec1702554e_anno.geojson,provisional
461,a8ab57d7a1888c8ac9ed09bdb5c5f296_anno.geojson,provisional
462,b1ab3ab4828ad6b467970016ae6856b5_anno.geojson,provisional
463,27851ed63ea289e446eb1882bc9cfb4d_anno.geojson,provisional
464,d56519b14c019a3d5c13f15b8a807be6_anno.geojson,provisional
465,3f1cac75a0d68b5429d73c2e0be2a15f_anno.geojson,provisional
466,bd6aaece8c7a61a770ec0ea3f26345a4_anno.geojson,provisional
467,be2551b43add073e4f85c9b41cb132f4_anno.geojson,provisional
468,068a9b0d5d66de7fe258471052e75c9e_anno.geojson,provisional
469,ffe09eb31b2dc94b70451aeb332cc1c3_anno.geojson,provisional
470,f48edd306a94bbf4af2da9104adeb968_anno.geojson,provisional
471,8851c7960de11e7383b4bd918eec3007_anno.geojson,provisional
472,d878bc0b057eaddff4b8d38eafd0ee24_anno.geojson,provisional
473,cc140bb4de1d940f1aacf0dc8299d76c_anno.geojson,provisional
474,74533cbc8039f8ab4cc0f2c2ea0088be_anno.geojson,provisional
475,b30ca9c086ede238794730d907718d02_anno.geojson,provisional
476,61e28e56a397daf29bef1e8d79908551_anno.geojson,provisional
477,82678b9588f10312c36313261f6e2ffa_anno.geojson,provisional
478,97a1ec3b2802dabdf071f80823abdc7f_anno.geojson,provisional
479,89d504e0b1cac6aed4073d063350a317_anno.geojson,provisional
480,8756dae8db9a0013abfee4190d1abff9_anno.geojson,provisional
481,d3895e2f07afca3bd246db8716c1e7e4_anno.geojson,provisional
482,7e65a6c2c022bdc955accc51cbd29287_anno.geojson,provisional
483,d2f3c260bdb514e946756ea21161efbd_anno.geojson,provisional
484,a888f424c8701d357df7139d6ef8880b_anno.geojson,provisional
485,de034003dc3f14df86493ef5dd1102ee_anno.geojson,provisional
486,d1ad4b722687b5ce49477d36d2e1d381_anno.geojson,provisional
487,cfe7a57e1b5c50ded165dce7f83c1ed7_anno.geojson,provisional
488,23eb5efde3077a91c6a22b7a29fb6104_anno.geojson,provisional
489,8ce7f63e502035e80dde1de8dee9fab4_anno.geojson,provisional
490,993e89de9abbe33d71ac5aa4f28f0c2e_anno.geojson,provisional
491,f763d9d015947fe81eef51d37898fd87_anno.geojson,provisional
492,988f71f0ded6fbce64fb7370a2ab5c94_anno.geojson,provisional
493,a1c16dbdf7d1fe4d7963de0535cba229_anno.geojson,provisional
494,7d23ae094dbcdc0ed9af1d9dfbc862df_anno.geojson,provisional
495,f7fe321bf26a9aa7ff03123de263b946_anno.geojson,provisional
496,7d608e1c4ca7aaeec0a393648dec6f38_anno.geojson,provisional
497,6005e52d48166f9e06eb303fd92b1631_anno.geojson,provisional
498,bf2a602c10a7c3e52e4faade227ba81c_anno.geojson,provisional
499,5b49b02b71f6ef1c8a942b00bca355c7_anno.geojson,provisional
500,357b890b4c56d7e248f3ef5e57169e9b_anno.geojson,provisional
501,45b23062cb8ac5b145c7f7c9f5ce15d2_anno.geojson,provisional
502,880b8a02b942ff022ec74603dbf39c02_anno.geojson,provisional
503,a6f04ec8d34c32f272a4d81813e93a18_anno.geojson,provisional
504,df301298cb9c29d2691ef8809e2cc195_anno.geojson,provisional
505,345774dbcf52dbffcdfb81d86d0c6758_anno.geojson,provisional
506,916451205c36fcba6fd42a2a24f7846f_anno.geojson,provisional
507,9769344bf7ee89a091950d12444aa801_anno.geojson,provisional
508,0a17226f57218fc48e633137708f04a8_anno.geojson,provisional
509,e9db7e05e798729e504baa0871f2fd7c_anno.geojson,provisional
510,4c20fb5c3f03b14ba84bcdc5451a8c6b_anno.geojson,provisional
511,7fcdd9c8aaff378e219e38fbb95a014a_anno.geojson,provisional
512,53233203586b62550a2ad168c59cdcb0_anno.geojson,provisional
513,056a950ab8cbad7af14a0a6d766ca588_anno.geojson,provisional
514,939eacfe920951da7e564e7dfaca20aa_anno.geojson,provisional
515,7617f92dc8edef25aa793e35dd99cb96_anno.geojson,provisional
516,9ce491146fc9894ff049834ea5256910_anno.geojson,provisional
517,4e6fe5a7108af12dc46acdd994437e9f_anno.geojson,provisional
518,a8d35748444e05d7032cf302dd16331e_anno.geojson,provisional
519,00eeff8d3d4a50f45e62d752eb750d6f_anno.geojson,provisional
520,e9768d8345c9ff108cc87d5cba923337_anno.geojson,provisional
521,84e535cb81d1c5294b0f76de15edfa18_anno.geojson,provisional
522,76f44c88641bbf2bc7573005600f9414_anno.geojson,provisional
523,2df24fc017558d43e80b3dfdf9935eb8_anno.geojson,provisional
524,384fb640add5ba402054c4528cd6154d_anno.geojson,provisional
525,36845c9098f7c512c4e3182c96275097_anno.geojson,provisional
526,b1cf45d9ce741f8b75a6443a7b1042e3_anno.geojson,provisional
527,f42077378a8fcfb2661407e9e8ee1bc1_anno.geojson,provisional
528,ebcbe39d7fe1e93c6e2e04329c02f49a_anno.geojson,provisional
529,8e609e860771d67556c82c11c27fafc1_anno.geojson,provisional
530,d087782f0ee592bd58121f6ea491b93f_anno.geojson,provisional
531,44db777b2a834d617e69d0973774c839_anno.geojson,provisional
532,64112e0312bb5603df64c1cd0ce7dbd7_anno.geojson,provisional
533,e0a1ca97d87f721a5449bb36e3ce7787_anno.geojson,provisional
534,e15976ee7fd660d4ae388258d663e9c7_anno.geojson,provisional
535,218b8914b51491fe81dca952a847f33c_anno.geojson,provisional
536,a460b5bae296dfed0c28a0144e374d00_anno.geojson,provisional
537,2f482e571b6e91703542ebd8f54b8454_anno.geojson,provisional
538,36870d06e4e5bfc2639a0fb70a6aa91c_anno.geojson,provisional
539,f646f472d55a8e9d58947b560b22670b_anno.geojson,provisional
540,20e39444f67d202d67f665d5f301633e_anno.geojson,provisional
541,295d42b83398da69dbde72e6e046526d_anno.geojson,provisional
542,1f9589467062575b202395a74505181e_anno.geojson,provisional
543,15a84972642cb13c868051222a29dd3f_anno.geojson,provisional
544,b9e5871f83ba5174628a81d8555e4949_anno.geojson,provisional
545,3fbe9747210776bfa465bc2521bcc9a8_anno.geojson,provisional
546,d981c671d54787b2ca7fa4ca2e7205a3_anno.geojson,provisional
547,2a59274ea78d51880ac9c053a9fd459c_anno.geojson,provisional
548,e2fcc17c4e7e088b0e75f1018e066dd6_anno.geojson,provisional
549,b2c87edeb203ac9e55a6a7e3e9a5b12a_anno.geojson,provisional
550,cb2c4fa8e9070b04a8c6a39926afb71f_anno.geojson,provisional
551,056a0501e8bd135e4bc8439f6f9bb9a0_anno.geojson,provisional
552,56ba175535c66eaee041941bcb52cf91_anno.geojson,provisional
553,131e47fbb4cbac51f8bec3ed156644fe_anno.geojson,provisional
554,c69bd9b17222a0d0bf4548f3027846fe_anno.geojson,provisional
555,0bdca9c36ff766c988f89b9fe174b17b_anno.geojson,provisional
556,6e2bcbf6bb60a1df95f943902bb15446_anno.geojson,provisional
557,91a530e22e2a544be4209ef6c494064b_anno.geojson,provisional
558,e5b947068bbc53a6297036f9de0e9f95_anno.geojson,provisional
559,ef85961fe2645c68e2c9fe40e1f75461_anno.geojson,provisional
560,be4bc89cca70b641a0ea84f2d275e42c_anno.geojson,provisional
561,74ef3c3b3a008d63bf6926dd2727dc5e_anno.geojson,provisional
562,e0af105e41bdac1abc1aa5794eb07ad0_anno.geojson,provisional
563,92b95cfbac948bfd1dfa828197d0e85c_anno.geojson,provisional
564,e2c0a43233b2e8cfe4439c7b5e0a8e81_anno.geojson,provisional
565,338bb3ea98a5a86413fed877751ca04e_anno.geojson,provisional
566,e5e441fb2123c1e91e0b913de03d6d30_anno.geojson,provisional
567,7c783ea4fd800986a2066bc1d2a19726_anno.geojson,provisional
568,89f9b11e71fce47342b593f129864672_anno.geojson,provisional
569,4c9506938192764d0b6e39025d9612ed_anno.geojson,provisional
570,60f709dac933e9ae8a9e776a085fc1ec_anno.geojson,provisional
571,983e373c5c4665b754a890c08c227e5b_anno.geojson,provisional
572,0b9701c4472b7efbab79b4d6e2eafe56_anno.geojson,provisional
573,9c0ab7df1f824b9b762b0c6ce639a9a2_anno.geojson,provisional
574,fca9d6d940d8a3f34074899303ddee09_anno.geojson,provisional
575,7215ac390581d2cc08fee5bc1d0cd8c5_anno.geojson,provisional
576,55102178be3b56550b39717d17be6337_anno.geojson,provisional
577,08fd311b5deeeafe94bc9f9e0c21c0f4_anno.geojson,provisional
578,532027858bfb4302236ae1921f466de2_anno.geojson,provisional
579,3ae66b445ede9e3dc0eb3c8dedaf067c_anno.geojson,provisional
580,32de0fa0aa3c4a0bd7e093dc358ce06a_anno.geojson,provisional
581,46ef9641f472893393e7c9941a0d9c4c_anno.geojson,provisional
582,93c62798b789607da28cc0138af4a36a_anno.geojson,provisional
583,14e288286e81eb4bd57578afaaa7342f_anno.geojson,provisional
584,07b015d1b392437d2e6c79d1a7b79b66_anno.geojson,provisional
585,db1bba090c5d50a5c5da4bea9ec5c849_anno.geojson,provisional
586,08b49c27b8c335863bc2bab39644d3e0_anno.geojson,provisional
587,4b7fe4777937a63e3dab60000927daa0_anno.geojson,provisional
588,ca0d82a8a4f16b4d15500bcf252af357_anno.geojson,provisional
589,ea6cbdecc5a235160ee5f767b5a0515f_anno.geojson,provisional
590,0951ceef0e3abd43d86b5ef93f90482f_anno.geojson,provisional
591,d9bfd416d43cb90b917b0bf2a70e31b6_anno.geojson,provisional
592,4bd65226bab51a612583808a2617e512_anno.geojson,provisional
593,b5fa3fd206460d937259bfb4832ae8a2_anno.geojson,provisional
594,c10f43780cba72b2e6e83131e703791c_anno.geojson,provisional
595,97d4fd1ef4c1aa5d669295a6fd7e3c0d_anno.geojson,provisional
596,25b15fb8d37bb9f4b5584a2b3b1c4786_anno.geojson,provisional
597,4c2c656f7d4ed072d0727c0fa98bc5de_anno.geojson,provisional
598,504ed668fe5d05bd06f7c8b387f6a255_anno.geojson,provisional
599,311c9218b929ef90eb37e1a5e2ef36bd_anno.geojson,provisional
600,725b6d930e6825a6da8eeb46b007e93e_anno.geojson,provisional
601,368481cb37676233047b9bca9f083f48_anno.geojson,provisional
602,33e6b024aab0fdb1163e9a731059006a_anno.geojson,provisional
603,aa1188dc530000cc970fa4c6c38e55b2_anno.geojson,provisional
604,f2dbecc552613bae8fb72b33de49c4de_anno.geojson,provisional
605,b82922e17dcc0384b9e642df7c557272_anno.geojson,provisional
606,0fa677fdc0c56367efa37913d28e2e1a_anno.geojson,provisional
607,c0eb08c2459177f1b807fc01f6c89cd4_anno.geojson,provisional
608,039290fdd83595508695e45e1d055490_anno.geojson,provisional
609,ae5420f3a17dd69a3030aa64e9222474_anno.geojson,provisional
610,f2da1f41603067882937b04cf2e201f1_anno.geojson,provisional
611,7a730a5b141f137544cb4e7ca99bde40_anno.geojson,provisional
612,50bc124e0cb1209b7956ae4e2b264e08_anno.geojson,provisional
613,e130ca20b4396e38413a1a8f896087fc_anno.geojson,provisional
614,2239da17730fd77c7ca282932e327fd1_anno.geojson,provisional
615,a885976a96761b3f303b24f57a8f5859_anno.geojson,provisional
616,067dd004f8e2442131d36739a23bfa04_anno.geojson,provisional
617,349eeba29961f6390e16fc6aa030dbea_anno.geojson,provisional
618,74700b0dfb454f996c3c28cb898ddde4_anno.geojson,provisional
619,3a021c24e2d693fbeb9d5056fb4614b9_anno.geojson,provisional
620,74a9a4a01d725660b61f0195e479420d_anno.geojson,provisional
621,cd0edaf3ff6edf1d9f00f8e463f75b28_anno.geojson,provisional
622,d7d45721e00b887e83221365b0580dc5_anno.geojson,provisional
623,f9920e95a6e8f7e765ee3ef278a0b8a5_anno.geojson,provisional
624,34c404df0df6e9d7b37601737e3ef95b_anno.geojson,provisional
625,d6e9907f710567785e0121fc7e7b9476_anno.geojson,provisional
626,80b68c83495518b70d0d7d95a044585b_anno.geojson,provisional
627,cb04fb1a281de9db54490bd37ccf9877_anno.geojson,provisional
628,d74441b9678657ef3d9edfa64881a1f0_anno.geojson,provisional
629,ea21a88f65587c792d95e1aa3621331a_anno.geojson,provisional
630,ce0f41adb972ca551b4a381f42e7ebb8_anno.geojson,provisional
631,3878eefd92497ef95bf1f0edbc1c3865_anno.geojson,provisional
632,fe7a76dcf6c47af7a41c2f7dace38e81_anno.geojson,provisional
633,63f7e804e9e5b7401a9eb3a6510278cb_anno.geojson,provisional
634,e437515e99941c176eeb98a1a5272efb_anno.geojson,provisional
635,279586c0bb93dc04d5bd456dc1b2d141_anno.geojson,provisional
636,eec1477acd7d3d6a869c35230da351e2_anno.geojson,provisional
637,c6a6b9e28a51c7b116589554a6c6084c_anno.geojson,provisional
638,ba3bf2d79b80d30b9fd5e9baf91ebf51_anno.geojson,provisional
639,206adcd0c0105b0c44cbcc0d9e7b5a4d_anno.geojson,provisional
640,db543b2ee5ca267da15c12984b923d3f_anno.geojson,provisional
641,bc6f82cf69764f12b08502ed7ef98d21_anno.geojson,provisional
642,48186aef2fb0c9c702949be395aee472_anno.geojson,provisional
643,32e191129abda515d98d1bcfeea278f2_anno.geojson,provisional
644,452d0dafdb63dd5c511d1c6bcb5cf55a_anno.geojson,provisional
645,f9a65ded4cf1e032c7bc651bad792a55_anno.geojson,provisional
646,f3c5aa409d492d70b86fcfc32f1a29c6_anno.geojson,provisional
647,b8f9b733cf917e64ab7b58bada9a5fc5_anno.geojson,provisional
648,b475339541216b033fa5f155974b171a_anno.geojson,provisional
649,cf1265d9ef186a1ef17be8c3ec220992_anno.geojson,provisional
650,0791e6308712417959b093c1304a467b_anno.geojson,provisional
651,f88b165583c862fa9872f117a83a8c22_anno.geojson,provisional
652,9ae61ee4408ea31d2bed3ba872dcee56_anno.geojson,provisional
653,f6c0b50a5cccd5774080e98eae981263_anno.geojson,provisional
654,e5023e7697e5f319c0012b57df99ca37_anno.geojson,provisional
655,bd72c20eef1a9ce4338d557d42295b69_anno.geojson,provisional
656,39b1d17704b48cacd09bc86161e927cb_anno.geojson,provisional
657,f1e17fe197b4cd6a1860e41c6d8460bf_anno.geojson,provisional
658,79ec7e9030d73427aa49e1487a0761ff_anno.geojson,provisional
659,a8cef939fe542d5aea927abc568d458f_anno.geojson,provisional
660,bc2b019bc46152c5ec9be39c57c00128_anno.geojson,provisional
661,9d55234a46182b9bc8ceac0f16f7814e_anno.geojson,provisional
662,e770795d82627d70ca3860f281227855_anno.geojson,provisional
663,14faddfcca96285895be53e62d8336d1_anno.geojson,provisional
664,e687024d9f2fad4b5e20fe5ba9b738d1_anno.geojson,provisional
665,942332ff7775a753732d8a7857761aaa_anno.geojson,provisional
666,785e806c91fa7e0e77849051ccdc272a_anno.geojson,provisional
667,856f28f1bafd6ee97dc16cd57b74f4dd_anno.geojson,provisional
668,46d8beec2da9951e3c9842578400457f_anno.geojson,provisional
669,ec8c7e5465d2d570bfeedd9d5969b440_anno.geojson,provisional
670,42ce73f2f7796d63d3642ccda24b4508_anno.geojson,provisional
671,415e9a0e841684583b962d2f01b0b05f_anno.geojson,provisional
672,c43c8f33d922909644b4b89c8b374537_anno.geojson,provisional
673,880d99bc7c2fff45316b1f83f834ad5a_anno.geojson,provisional
674,8d08d389bdb2b8d23b0d2bd42a74626b_anno.geojson,provisional
675,a71820953fe934d44876cf42cf57ed54_anno.geojson,provisional
676,28c97dec5d8e892079344e2572e8e0b3_anno.geojson,provisional
677,d27341283f91a846361097bd37f8fed2_anno.geojson,provisional
678,d9d2bae1f50950a1c48c3e10601eda70_anno.geojson,provisional
679,c42eccbaa76aecfa2d33408d597250d8_anno.geojson,provisional
680,0374943838c59f6104032da189c5f532_anno.geojson,provisional
681,46cc380834899aa175dca0307d7da03b_anno.geojson,provisional
682,00464d3a7df4b98dea66bed12915ef6e_anno.geojson,provisional
683,911c1ee1c07c52311d2d132d68bc0c67_anno.geojson,provisional
684,a0bfe1f8d2e49f3c71dd7f17401725c9_anno.geojson,provisional
685,d231a8a39df0a62c578c860e222656e3_anno.geojson,provisional
686,f8b6a55cb941e52c1516aa20e1bb3caf_anno.geojson,provisional
687,4ba4ce62c6c03d7fb91653b7b120933e_anno.geojson,provisional
688,e97ef10697cd4b5d41a0a57c01056134_anno.geojson,provisional
689,b4a847ac52a9c8300034fb840d61ec84_anno.geojson,provisional
690,27dc5034bdb4331b9d1b53eb378cfb5c_anno.geojson,provisional
691,7dca06df3ddffa8ca5e2401f1a66b395_anno.geojson,provisional
692,e49fa5734aad78983034e85562624632_anno.geojson,provisional
693,0cf7a2873de3b354bb9e590e24149142_anno.geojson,provisional
694,a65d3c4fcbcfc8b7a19e7e60e757b7ec_anno.geojson,provisional
695,730472dfb4f00ca7c8104d35f8c44e70_anno.geojson,provisional
696,bea9d6bbe4fb816b06eae909a6f64409_anno.geojson,provisional
697,8b077c02ad3982d40d64f4caa9c44461_anno.geojson,provisional
698,e4944fb0c4ebc492e096f2f84276c832_anno.geojson,provisional
699,c02297d882b57232b017a7214179b1ec_anno.geojson,provisional
700,a9c3bbba10ae28276beb809a4d079583_anno.geojson,provisional
701,56fad4ca8e9b7112c0dd648b9f091ed9_anno.geojson,provisional
702,3c80cf313b73f2cae8e5f167beb6e8d8_anno.geojson,provisional
703,5bf7525363d488f87ccc32e16d42f8be_anno.geojson,provisional
704,2efd71e161af6b079a3d4a47b4b71fe4_anno.geojson,provisional
705,2d46302f2879fef331e6e403d44495a0_anno.geojson,provisional
706,ecfb3a43b9cc3738e2d63e2ef8a275bc_anno.geojson,provisional
707,f07b69c8176e112ac18f3d0c8d2368f2_anno.geojson,provisional
708,4a5cad1066e150c3a256b7c5d8457d0a_anno.geojson,provisional
709,c7bb5eba3f9a73d14bb51d249a185f5f_anno.geojson,provisional
710,70f7f473487c6c68cdeed74a8939828f_anno.geojson,provisional
711,cbc69e04aeda473916a6f7bf0ae6fa68_anno.geojson,provisional
712,9944338df9f8f0a718bfd32316926d22_anno.geojson,provisional
713,589ad59efc899c7ed81b2d80e4449a45_anno.geojson,provisional
714,be2686809976a04a8ef929e7ed3a4968_anno.geojson,provisional
715,ea60775d2c1ca68eaf6d8955a5d2d503_anno.geojson,provisional
716,7852af4dd56d0ed05e894f2b5167ce37_anno.geojson,provisional
717,3467ff4d114363bacde97773318a342f_anno.geojson,provisional
718,1f6dcdd82c90d620da9f92ac2cc1ac04_anno.geojson,provisional
719,970dce19a6a21f5830d647ef65f7206a_anno.geojson,provisional
720,edac7de5f5387745adeea950ad0a52c5_anno.geojson,provisional
721,30ff99af6780500fd44caa25c5b86858_anno.geojson,provisional
722,4b13240f96b3a9446d6a2442f8b8db52_anno.geojson,provisional
723,85499a31c6a57fc9c6938c204d98e603_anno.geojson,provisional
724,26b1ab68b3da6aaff061e8ef2e4b0064_anno.geojson,provisional
725,7280e9999794223096dc5c474d234dd9_anno.geojson,provisional
726,58bc5ed32c0511fcce54d65d14d698d1_anno.geojson,provisional
727,cab8b5cdd2b8c825852aff3d90fccef7_anno.geojson,provisional
728,acf22855b8ca7a012694123e1beddff3_anno.geojson,provisional
729,30ea0ceb2d9d0e354083cf64c4ee8ad9_anno.geojson,provisional
730,dfa8ce9152ab37e78e1944b8a79730bf_anno.geojson,provisional
731,330927d988057b0e9cef1e0a4485206f_anno.geojson,provisional
732,c2e007487d5ced572a8ee36f1efb53c3_anno.geojson,provisional
733,a6efb73015fcc5822ce83388084fdec7_anno.geojson,provisional
734,7adfac11ae864bf5b2d980d2209bd12d_anno.geojson,provisional
735,766beffa2fe350024fd49281ec6c531a_anno.geojson,provisional
736,2d6b827c1213fe15935c8575e7811f51_anno.geojson,provisional
737,5c325d77e0ecf6cc6f6e78c3462e0a5c_anno.geojson,provisional
738,f580fc99ddea565dc6ecc4fbb36aa0b7_anno.geojson,provisional
739,51828401ce7120dc326937e9c1074e33_anno.geojson,provisional
740,0e8b292baaaee1e125a35f8fdd4c6e24_anno.geojson,provisional
741,df892f1cb17960964cd572440198ea12_anno.geojson,provisional
742,246ba10abe3482940030864dd2997f56_anno.geojson,provisional
743,e904e1f4b05bca55477d33398d296762_anno.geojson,provisional
744,45a79d49379fbef88d90cd26025d7a0f_anno.geojson,provisional
745,afed3a2a2a0bd74ae4ed9e322abafaa0_anno.geojson,provisional
746,c876255f7aba63419740fbac9656af76_anno.geojson,provisional
747,243191d41522d74e8416bd6d24db6e2d_anno.geojson,provisional
748,cd117fd96187a2542664f2473502c5fb_anno.geojson,provisional
749,d32e522c35d3ea42c4269080e7b15197_anno.geojson,provisional
750,af76ebda73443c15051ac4ec207f8fc8_anno.geojson,provisional
751,36be3a25ec7e58d56852e1e74a7c7975_anno.geojson,provisional
752,5ea3ff5c3428d648c31925d34200421e_anno.geojson,provisional
753,5188066a00f46cd130ae55459837e804_anno.geojson,provisional
754,d8b113a44a5a3672f82c7c9aa6309253_anno.geojson,provisional
755,9809014dae0a3b1b5245ea97270883ce_anno.geojson,provisional
756,106b3d2eada69162c50196b5526bc90c_anno.geojson,provisional
757,fdc875a09e8cbdc1205fa27f34765266_anno.geojson,provisional
758,7bf51b460dea24647393eacf4973edf4_anno.geojson,provisional
759,d97d9f409f326d568ab4a3bb732d5661_anno.geojson,provisional
760,43f071be35bfd71c6ac7b983e6b7b98b_anno.geojson,provisional
761,5f34182f445a2a0479f7a73813688d4b_anno.geojson,provisional
762,f963cf95be391622ee251bd5effdd9e0_anno.geojson,provisional
763,61e5bf82796b56cb607766bcefb6292b_anno.geojson,provisional
764,2ed109ca550db7700253227fcf234829_anno.geojson,provisional
765,1d6d5294079498aa98914a73549895b4_anno.geojson,provisional
766,5547e64bc7926365cf487a96ebb63282_anno.geojson,provisional
767,d9a12ee394a977519d9ec3e8aba4cfd7_anno.geojson,provisional
768,00edbf47f3d5f1217494a7f3e901d95f_anno.geojson,provisional
769,b22f2a071f945f9028a65bcbf22db196_anno.geojson,provisional
770,4905fe10bce69f85af589f7ed48a7c40_anno.geojson,provisional
771,d1f57ce6e3af7ccdfa5ffbab3165f170_anno.geojson,provisional
772,5add8392a9032866e6436b8e9b66c65b_anno.geojson,provisional
773,12026455d83deb60c69cbffaa6b0a25f_anno.geojson,provisional
774,824a113fdd04eefca6263d267d96c4e8_anno.geojson,provisional
775,840580a668892a4a8d6b9cdf74cda903_anno.geojson,provisional
776,3d790db63e07d19c7e4a544ab7433250_anno.geojson,provisional
777,3afb52e63febc250ea1699abd28eb3fc_anno.geojson,provisional
778,307ac8f27b197e7d542d7cfd91957141_anno.geojson,provisional
779,3c641ffabb746bb5f533da3432f89d6c_anno.geojson,provisional
780,010f92452e99949c614962a23f796277_anno.geojson,provisional
781,9c999b793f15cb754c360666df1fb712_anno.geojson,provisional
782,76dec6b5641d90f64c14889470ec640f_anno.geojson,provisional
783,8a1fd1ccefc3827ddc1ab70657795727_anno.geojson,provisional
784,777167d443fe561f52de7fcdf6f49373_anno.geojson,provisional
785,7d20fe0592d78ea5689a1239001c2fd1_anno.geojson,provisional
786,4db5294182b8c7341946c94573dfe4c3_anno.geojson,provisional
787,04ba64ba2617413316acb5ce75d38dd4_anno.geojson,provisional
788,f2475aa346cd523c29729cae020a5082_anno.geojson,provisional
789,498a43cf0949779e02d5931a7f9cc70d_anno.geojson,provisional
790,921a0ea0bf64b29b7828ea8660c07ff7_anno.geojson,provisional
791,3712531fc38f3302a04f8ace95b03e01_anno.geojson,provisional
792,927f73f8a80915c286430fe90ddeefb3_anno.geojson,provisional
793,ff9917cc28b2fd2988e45333f914a0da_anno.geojson,provisional
794,947235c70d4fb61e35603171884abfdf_anno.geojson,provisional
795,e6a3afa68521b141ede1c9918888f8f0_anno.geojson,provisional
796,e00f28f228a3aa22250a4b1031e96d50_anno.geojson,provisional
797,8e29509691ae929bf38eac539618d1c0_anno.geojson,provisional
798,a57eac168fd2b45a74a0913cce19820c_anno.geojson,provisional
799,60ed5a05ad6849c90aaca41b74328fe3_anno.geojson,provisional
800,aab2e12970b2d9cf62b9c0487e154d8b_anno.geojson,provisional
801,54bac6ac855a1cb419bc24bb7034e1c7_anno.geojson,provisional
802,a6ddcb378d141ed559ac55a8a25cfb59_anno.geojson,provisional
803,d00ba7576fc54297cc445340e80ee784_anno.geojson,provisional
804,cad4d4e3a1652290f358e28976b0dae6_anno.geojson,provisional
805,7454afeed7ea1a35957aa9f4198d2dc5_anno.geojson,provisional
806,5a31e27c94782a7666e5d5291259d39b_anno.geojson,provisional
807,5d95a8e32e1cb7ef3ed190ef52eebfde_anno.geojson,provisional
808,e8ca445890daf7d17c8b9a1a273a9ec6_anno.geojson,provisional
809,7aae2428b65689f4ce609f5579c7bcac_anno.geojson,provisional
810,5408ab00cde58c645faa1f835e13b84d_anno.geojson,provisional
811,6a4382c3ef030b3e3bdbfa692cb03d93_anno.geojson,provisional
812,f78f169c0bc712656981a8a6d5e25220_anno.geojson,provisional
813,3d8f41c42c469cc3fcd220cf559ff3a8_anno.geojson,provisional
814,a990552f3bdd4505fdc6b93a81456b11_anno.geojson,provisional
815,991d82e4ddbbda202ca9a5d740ef9bb6_anno.geojson,provisional
816,9855300d9560fda08bac3cfc1bd222df_anno.geojson,provisional
817,90e7db9acc1b6c488f061dfd5ae3f35a_anno.geojson,provisional
818,96767924d70e06b8e95463157f33d17b_anno.geojson,provisional
819,5eeb084bfd64f81ee38ca8fbb11a3f19_anno.geojson,provisional
820,6b4b0df29ba20aab5386d2b84ec9c7f8_anno.geojson,provisional
821,12ec4d2eba29f9df8cf1fb7f9ab0ad5a_anno.geojson,provisional
822,e6acdbb2ca6540af553217071fc0a0de_anno.geojson,provisional
823,9908c3a1eff251fef40cb623a5322cac_anno.geojson,provisional
824,ccd5afae436e25e4334c8d9b3105215c_anno.geojson,provisional
825,e944ba762190c66444bd657b13809275_anno.geojson,provisional
826,232d4f48512c811b38c5c45a0fe427bc_anno.geojson,provisional
827,043ad0d481b51d79c9a0cfdac73fbb64_anno.geojson,provisional
828,f7acde5f7e7eeb3792fc26ff5709367e_anno.geojson,provisional
829,ae5b314427c0f750bebecbb1006ee242_anno.geojson,provisional
830,d6423d91a6cd15edcc09aa80c7dc1e19_anno.geojson,provisional
831,f7b35c62925e1944ce8f963fb162a3ee_anno.geojson,provisional
832,ce6041410270d37d609c688635a8a116_anno.geojson,provisional
833,c8460fdf3ab0dc0cad7b301930daf13e_anno.geojson,provisional
834,d2fc366d351774a56c204f33d342c838_anno.geojson,provisional
835,a7a93cb99874f85ce2287c9a476d87a1_anno.geojson,provisional
836,947854cc62338881f8bafd4328c42d6d_anno.geojson,provisional
837,14094d5d214d918b46eaf4a5d5195b67_anno.geojson,provisional
838,7fc79d27aefb83a65b35e04cbe028dc1_anno.geojson,provisional
839,4cb2613928016fe5c01ead3b0c942ffc_anno.geojson,provisional
840,3afc992d309231866e88bc6c9220b09f_anno.geojson,provisional
841,5c17548c2792253d0616c779bc7c69a0_anno.geojson,provisional
842,3277294d28c44467a0edeb0649b44f0e_anno.geojson,provisional
843,b14c092e09100e19437b5bb0a2a2c2c4_anno.geojson,provisional
844,36caa577524f4f905f24535aecf07f2b_anno.geojson,provisional
845,685625d505fc2b9c7ac6d4921386364d_anno.geojson,provisional
846,31e21ab45a09b157b95f5fd99bf41558_anno.geojson,provisional
847,40cb7b6cb07d522a129905a94b093dd9_anno.geojson,provisional
848,ecf28cd7f400645248aea7a304163dfd_anno.geojson,provisional
849,135a0fd51b323c7b0e6db1189dce6998_anno.geojson,provisional
850,74ccf62099817e7d0676f08d4b2579e5_anno.geojson,provisional
851,45ecb0c6eb6e9644eae09643c2fa9c46_anno.geojson,provisional
852,6da0a09aa64da3c08a383c72a08ad39b_anno.geojson,provisional
853,fc865fa14b55fc3c85d6fe344e0a4f6b_anno.geojson,provisional
854,de31c980283e50065fe42dd6ca6f7e22_anno.geojson,provisional
855,0b34b866ce6679d317da562a405bfdd6_anno.geojson,provisional
856,5fa896a4128f9ec2b869721b340f406d_anno.geojson,provisional
857,04c1e39d7f9ef29570b1df89c9ce32d0_anno.geojson,provisional
858,e688d7b00730d163b9d145b24047373b_anno.geojson,provisional
859,0e1b914ed23533c97cd3201c7711c091_anno.geojson,provisional
860,d54af0e6424a914ff19fc5da47cdbe99_anno.geojson,provisional
861,caf0e7549bf4083cadde8eb283a81a85_anno.geojson,provisional
862,2a40af536d721d745be449cbea2d6b49_anno.geojson,provisional
863,9ac6eb6e507a2987af32b3940d6c68c9_anno.geojson,provisional
864,e6789d6a6f165a5099dfabda4b1b474c_anno.geojson,provisional
865,2f89bc139de6358e12f1474a96eec4f9_anno.geojson,provisional
866,40b23469ea5696ffd1ac9088a2d20982_anno.geojson,provisional
867,0ad8ad77d44241c34bd24def0a70de34_anno.geojson,provisional
868,6e66d27c5892c9275ff9db88559a9175_anno.geojson,provisional
869,df2574032a66848b3098e3a0f2df7a06_anno.geojson,provisional
870,778531e217d2c4692866b9839c09bedd_anno.geojson,provisional
871,240a9dc6ae64dd4a0d6116733a4bce3c_anno.geojson,provisional
872,532195d2e5dacbb294f6eca02bd2f834_anno.geojson,provisional
873,ea0b77683ecd7483de326f1d3254b61d_anno.geojson,provisional
874,d2cd40f2c912bc842981682d9ac7a1b3_anno.geojson,provisional
875,302029f29105f898fad26e4ebb5b8d5f_anno.geojson,provisional
876,5d8d2728e631941d9742d43e14b80812_anno.geojson,provisional
877,108c4e696116ee7f00b2cc477448c100_anno.geojson,provisional
878,4398751f912fc9c063c83dc6fbb6763f_anno.geojson,provisional
879,8b5672ebaae94fa9e83c85d325c84cb5_anno.geojson,provisional
880,12b4440e6b3b71ba466b822ed08117a9_anno.geojson,provisional
881,421a73882b4bdf832aa8f75b1238d483_anno.geojson,provisional
882,4c17d013e3354db84f809ed7803e1392_anno.geojson,provisional
883,3a0be5aa6234b95dc4018a57c7479bd4_anno.geojson,provisional
884,a0abc25d8f80e7962b7cbe542603d6cc_anno.geojson,provisional
885,2ee2426533fbeb0ed6f2e02eba5974a3_anno.geojson,provisional
886,25b2c7ea9fecfe6075de4dc6e9160eda_anno.geojson,provisional
887,92c786f3c6a05d6bdf81c54962609e04_anno.geojson,provisional
888,003e45460a331abb8624e62c6746c088_anno.geojson,provisional
889,9fb2ca427b0ed636be8c8b3d6512bf88_anno.geojson,provisional
890,751c645d49f5c03261821d6096b1cf21_anno.geojson,provisional
891,895fe4b219c01b064a53819323f7d25f_anno.geojson,provisional
892,fbf8467c34e004ffdfac1c2674ba8c85_anno.geojson,provisional
893,c534af95c31653e9835ae1b5e822d87f_anno.geojson,provisional
894,9a249ef51a7b5563c0e75bab5fc674a6_anno.geojson,provisional
895,4a2acad6a16a70228fd2277e1bfe3db1_anno.geojson,provisional
896,b4fcd92bdae8c57afda06811ea6b9ae9_anno.geojson,provisional
897,3a35a948232a21073cc272cb076d217a_anno.geojson,provisional
898,ff180392e77cc69bb3c7b2b998fa7e3a_anno.geojson,provisional
899,8e02665207b26f8547ef89213727bddf_anno.geojson,provisional
900,4e2e08b6b8d8cae5876b1fd767a0e3d2_anno.geojson,provisional
901,7780adfa934bcb862f9e42a9be0b1e8b_anno.geojson,provisional
902,972fb0660f9a0b791405f02af87d6249_anno.geojson,provisional
903,c6159baf7961ecaee0385d693cad3205_anno.geojson,provisional
904,1e0ff6fb8fba16b19aac266f34f7ea71_anno.geojson,provisional
905,7828f8c1f69c02268c5f9df7ac257dfb_anno.geojson,provisional
906,e90ee12452b1ec60cad85bda03486bd4_anno.geojson,provisional
907,346765a9498da0643ce1a1fb45c5554d_anno.geojson,provisional
908,02a18bd81095601dd7b079e1f97d49ea_anno.geojson,provisional
909,2cf01c0f2c39477bd911d114ac0e06f0_anno.geojson,provisional
910,3b27c0cc3990af3956785de113ddc29f_anno.geojson,provisional
911,7459cedd9ba325ed94557a58fd63b44c_anno.geojson,provisional
912,736aa988d83025557157d09dcdf52fba_anno.geojson,provisional
913,64df449e719913919451aef1fe8cdc4b_anno.geojson,provisional
914,c7a94d6c9484dac52efab1bbb88ec527_anno.geojson,provisional
915,37909a30cae074ea9fff349454b1eb6b_anno.geojson,provisional
916,52a7aa98889767311a7b87f4694607db_anno.geojson,provisional
917,7d90eb8f7743a6e4705367c8ec3594a9_anno.geojson,provisional
918,ed7a1ac4c2bc042c691b42425ecd30b9_anno.geojson,provisional
919,7e9fedf8d4156aaca2787484b09af88e_anno.geojson,provisional
920,ac6b0af2e579b2392d10cf8dd23f9e64_anno.geojson,provisional
921,aa8328b279edcde1f33dbaa030db32ff_anno.geojson,provisional
922,57043096621cafa6a0dd3887bb170b66_anno.geojson,provisional
923,78c4667089db54ac1deda07f37cdda17_anno.geojson,provisional
924,175a8f99c360790abb64d05a8a44e92d_anno.geojson,provisional
925,cfb5fd09c780f18d3242aa5f1d0e9a5a_anno.geojson,provisional
926,faaf5b6c88e828de8f0b2a18447eda81_anno.geojson,provisional
927,3dc0831376e6df51c1178607ace0bee3_anno.geojson,provisional
928,b2967ea165fa5d0dff47968d4dc27868_anno.geojson,provisional
929,4fac260c945d154f94f8bab2cc3848b8_anno.geojson,provisional
930,4c55cf5e36b68bac35bb081320dc5032_anno.geojson,provisional
931,de41780db86b0eb006fc712bb7f96133_anno.geojson,provisional
932,5dc8dc0824efa39420401f891985de5b_anno.geojson,provisional
933,5bc2b2c3fdc8092f4636a9b4a93275a7_anno.geojson,provisional
934,1737b7072458a5b3ea5d57cc33852e6c_anno.geojson,provisional
935,5856771af7feadcd08be09c45e0dbc05_anno.geojson,provisional
936,0764200968050d9d7b5a3e5ea69eb097_anno.geojson,provisional
937,db940af2fb27460a545600f739b424a8_anno.geojson,provisional
938,930a2219176a49332f5d0b4d16bec284_anno.geojson,provisional
939,7db80772f4780936ccf02489603a4ef2_anno.geojson,provisional
940,98cee3f0cb7439059777ab2d79fe2b76_anno.geojson,provisional
941,0f4c329dad9a0dc476d5ecc4f62e9e81_anno.geojson,provisional
942,65ffa17899c6e5a360f8232260471e80_anno.geojson,provisional
943,b259f219da1836725da017c43984c9f1_anno.geojson,provisional
944,41d77416f585276e0c33971f660af50d_anno.geojson,provisional
945,355c1d783825d3d6d270a53789e86ba8_anno.geojson,provisional
946,8580abff483e78500704756da1f2ba67_anno.geojson,provisional
947,27a2f49d093829fa1768ad136e5c5774_anno.geojson,provisional
948,e38a7788e6d1855f9ab50c7103453c46_anno.geojson,provisional
949,0e921983aebeb3eb30143e97084b44dc_anno.geojson,provisional
950,f4dbac2fd8cd328a902938adcbc80867_anno.geojson,provisional
951,daebd2c1b8120193f2dc863dfff4d7ad_anno.geojson,provisional
952,1298888579103ce4d4ffc7c9d0fa4fc9_anno.geojson,provisional
953,3d0e140a961ea5bde35ccd6792c67a94_anno.geojson,provisional
954,1ad1e0870b722598c404de450fc37905_anno.geojson,provisional
955,0b56843833852b5a26a16e7f582efe2d_anno.geojson,provisional
956,eccb02c327a4a15866e15bc63ea050ed_anno.geojson,provisional
957,c06b35756ece05b82b59f202cf9f66ea_anno.geojson,provisional
958,9cb828607abe53501c55f63f6fe03fb3_anno.geojson,provisional
959,81b7c9269024f0efce2671f022c2af59_anno.geojson,provisional
960,4e4ed31601032a023932fae4ff336b4d_anno.geojson,provisional
961,68ba9620b6d67d002e91f8ea76e8f0b1_anno.geojson,provisional
962,4bbd6244dd38c929e88ae73f4ac175e8_anno.geojson,provisional
963,3ea60d3e61644d0b3f8664b615fca19e_anno.geojson,provisional
964,50e38e6c79a06b87545d4fd3b6768fef_anno.geojson,provisional
965,54469eb93cbd656e465d8ec782f4bda4_anno.geojson,provisional
966,54650e693b43416d52d666d71b5e8ff2_anno.geojson,provisional
967,51773d0c5819a8f9d47fb16b3dd51553_anno.geojson,provisional
968,7ce7189b0dc409ff0c2762092ed16da4_anno.geojson,provisional
969,13350ac0ee58496b15393371646961e2_anno.geojson,provisional
970,2c2f6699a47a1400ab54219555e1e97a_anno.geojson,provisional
971,886383519f12bc3850a573e98d0a07e8_anno.geojson,provisional
972,e30b18bc270ab458a5763f294dffe39b_anno.geojson,provisional
973,46181152d087434268c98d9a810cb8c9_anno.geojson,provisional
974,b4f1459fd8503b45e60ed0c0231661e1_anno.geojson,provisional
975,29dd4710a3dd3b089f5b71c605fc91d5_anno.geojson,provisional
976,9b073618e2d6380a81cb6ef6b7d7957f_anno.geojson,provisional
977,f37f6d00a1eb9a9184bf99a32c5c79f6_anno.geojson,provisional
978,233176bfe15d6e1d2dc9d74e0c14b71e_anno.geojson,provisional
979,6d1449a4e2e4a984bdfd819c2de78327_anno.geojson,provisional
980,d18ea5aad7a38f6609b30523bb265156_anno.geojson,provisional
981,18b2c048ce77d07cb60edbf05a6f3794_anno.geojson,provisional
982,589ef9818e0f05e8518f0f926e1796d7_anno.geojson,provisional
983,3e7c1f71e5230130b4751e730cabc396_anno.geojson,provisional
984,e009aa393f07d9499995f43859a85e9d_anno.geojson,provisional
985,2e6e23e39d35b3137a13011fc9291d96_anno.geojson,provisional
986,f85eb50bbf4a7db127645738462d7064_anno.geojson,provisional
987,a7aa206145730409c80fc989b398a4ee_anno.geojson,provisional
988,b4e0ecbaf02ef0992f77ce612b4640f8_anno.geojson,provisional
989,2475d295f11464240f58d4b4f68f17cb_anno.geojson,provisional
990,bc7ba392c5af3bc80126d2f539da85b4_anno.geojson,provisional
991,57ea1d0b4105306825eef986ac972111_anno.geojson,provisional
992,97cf54a7827e02ae7adfbbf59ca3e75f_anno.geojson,provisional
993,1b349d1ebf362ad236665ebd29034c91_anno.geojson,provisional
994,cf5e6b83393ae6c9ee54fee3bdcffa6d_anno.geojson,provisional
995,0f88a30c14251e659e45638926b41fe8_anno.geojson,provisional
996,125a9b040f9e8db9a202143d61b8c0d4_anno.geojson,provisional
997,407a2534fa6acb7236ab54611a6a7637_anno.geojson,provisional
998,b0a9b8af725330b026f4a0da824a4e48_anno.geojson,provisional
999,14bdadfec9183865e1583e3a3972fa44_anno.geojson,provisional
1000,47ee4c1abac4d185f7a3e8cd175b0847_anno.geojson,provisional
1001,25638765817eac309f6d7f7622d3fec3_anno.geojson,provisional
1002,0d283e0f5aa1b4a513e8428f32bce82c_anno.geojson,provisional
1003,556be6fe758c375d4f44d66a49cde697_anno.geojson,provisional
1004,f9f1a84446c0c252a2a8fe624f746d00_anno.geojson,provisional
1005,8dda3f5982b3470257490e78c625d536_anno.geojson,provisional
1006,5d1550a240f56cd3c7bf476670b8ef7c_anno.geojson,provisional
1007,59f2becb58b7096d4a9c8a1a48fc8740_anno.geojson,provisional
1008,375936c80740f6912793cd93a0a2bcde_anno.geojson,provisional
1009,ace184e06b44b7476f6eee7f9e562e77_anno.geojson,provisional
1010,d752e90576b7635d3d655223ad6098c4_anno.geojson,provisional
1011,3f4c5a1c77db5aadcb04a45a634f6b93_anno.geojson,provisional
1012,fce80c49e7f2a8fcfcebae355a49495b_anno.geojson,provisional
1013,6dc37c68785a75ffc24c57751dcb1daf_anno.geojson,provisional
1014,e327e5a7bc3938e6553fb44d37726e08_anno.geojson,provisional
1015,2b49e76c064e29ddc514c4006d0ea246_anno.geojson,provisional
1016,5fccc89b28e59fd139c8b75dda4a8722_anno.geojson,provisional
1017,907524005995e2ddb220de9da16d9291_anno.geojson,provisional
1018,00d711a8d42049173d2e0d515b74e246_anno.geojson,provisional
1019,c56c1d14cc26bfda97855532e4576fbb_anno.geojson,provisional
1020,ff65e9220522236f463b0de925102d56_anno.geojson,provisional
1021,f33ec5821a6a03f3939828ed953be27e_anno.geojson,provisional
1022,7ae44aaf17b4309f16769fb95344450d_anno.geojson,provisional
1023,d820ab6024ed9d9c5a38a46a4fb08639_anno.geojson,provisional
1024,6b3c299bf2f4fa766b6dda824a62c87b_anno.geojson,provisional
1025,0fc1bb96ae8e6202bd4938e1b8db24da_anno.geojson,provisional
1026,ca3f3de86b10ba44a1c34efd756c6f4a_anno.geojson,provisional
1027,54691e8ee7c2441734832f5fb3b5f210_anno.geojson,provisional
1028,efff603a1e52b8180fcdbeb1071173d1_anno.geojson,provisional
1029,c5322cee265074412634207849380e65_anno.geojson,provisional
1030,824124841707ea1c16c9433415474316_anno.geojson,provisional
1031,9196a09542a06ba954f7a0306f2e5fd6_anno.geojson,provisional
1032,7b06953603d42b2821e134e156e5bcd1_anno.geojson,provisional
1033,9a592b3e8e9479ced672528fe49e0b8d_anno.geojson,provisional
1034,e4dc996f7fc545a4bdc3d6c9e5b0b562_anno.geojson,provisional
1035,5228e68c31dca64bfd8bbf25dc06184a_anno.geojson,provisional
1036,941514368571b7befaf567702cff912a_anno.geojson,provisional
1037,904129cec9ce06a1f1b36357b09a1762_anno.geojson,provisional
1038,180ede1f5cc2a0792294bfa0bcaa3c92_anno.geojson,provisional
1039,49141e74f881d6592c288668c3c0f9ae_anno.geojson,provisional
1040,7bd3fc5f3f6a3c9a774e260757fd3bdc_anno.geojson,provisional
1041,67c46ae6b7e5025657b847431775dc9a_anno.geojson,provisional
1042,9649025359c57643fa1cdb7c8d5f6831_anno.geojson,provisional
1043,7c2a01ab66e7ece57fc725d30eec8651_anno.geojson,provisional
1044,3e84875fcff23d11a06e5d3f9eb8d361_anno.geojson,provisional
1045,b83edc26209f9e2ade74ad350fc2ca2c_anno.geojson,provisional
1046,cb4874f1e5718f77556c929e235eecb6_anno.geojson,provisional
1047,c986526497180ca25bb588cc6793323a_anno.geojson,provisional
1048,8d9efbe22ad1c0a22fef5b26d70f24ff_anno.geojson,provisional
1049,941757dd47163a21bbd59229bd9c82a1_anno.geojson,provisional
1050,264dd1f8c5e990cddc6db9ad14f8b807_anno.geojson,provisional
1051,3034271ea5d5161ca1db55e888348598_anno.geojson,provisional
1052,f651ab957de3ceb2fd97ab1909c14b2e_anno.geojson,provisional
1053,477072f91b15f252c6b4bc6a46979df4_anno.geojson,provisional
1054,0630d273bfe69e9b79df91a597571d25_anno.geojson,provisional
1055,817f262247a255f3e3fde2e38c3d6d02_anno.geojson,provisional
1056,9bde6a32a2d8a32395236a5847b5c83a_anno.geojson,provisional
1057,8f405100d02ca926a6ce59a4d4b62e6a_anno.geojson,provisional
1058,8ed779abd378de2f313c44155267033f_anno.geojson,provisional
1059,5a0d0070d23a9843042c9b7736d6287e_anno.geojson,provisional
1060,57d67d15ac3d1a88d00f8dd3ea73886e_anno.geojson,provisional
1061,cac3000de722c130baa83bc36f9d9200_anno.geojson,provisional
1062,5371a4b1fac1356a29660754ec9d5fa4_anno.geojson,provisional
1063,da49c7137be369e79a4564758e9765aa_anno.geojson,provisional
1064,3a6b71d648704ac68eb9ba13925ce283_anno.geojson,provisional
1065,28e467ca14fc7258fa6363321b0882b9_anno.geojson,provisional
1066,4c6606e1038228dd0b2ea13c2cbf05d5_anno.geojson,provisional
1067,7143bcdebeba4917e8584fa36cbb86e8_anno.geojson,provisional
1068,f7a761a8265afb8b9fd559e98f57f4da_anno.geojson,provisional
1069,48b01e9dad23dd0d727f9d8632a15bf9_anno.geojson,provisional
1070,4d98a55322fa253b2770a01e0e81bb4e_anno.geojson,provisional
1071,9d667c63a16230d2d02da8d8ae14fd0a_anno.geojson,provisional
1072,6f8c76a26170e8b95c8b5754ea162304_anno.geojson,provisional
1073,e5346b7a126e2251084fd5c3e306d102_anno.geojson,provisional
1074,f950d5668199fd6ef8c3f11732211590_anno.geojson,provisional
1075,d171df38a93f9b474be87e2d10ff5aa1_anno.geojson,provisional
1076,bd59925435d2347c721cf024a1621ebd_anno.geojson,provisional
1077,cf14c3ac0de2bd45fe36f68ac0818b8a_anno.geojson,provisional
1078,c8a5b90ce02a5a3d4ace2800608f838c_anno.geojson,provisional
1079,6e44761d67020b2315769422c489f041_anno.geojson,provisional
1080,f6b27fe4e9f1f4035097e58f011e1681_anno.geojson,provisional
1081,727b6efb25d7508669fc4666333f0f6f_anno.geojson,provisional
1082,d771a355d9086b7bb8288f2ea1f078f4_anno.geojson,provisional
1083,f375d1f0b4132a740cdeefa4b5d101a8_anno.geojson,provisional
1084,6480d4a107006a3c6a821c67edd20709_anno.geojson,provisional
1085,e95f2ca7f4aa516ca6a65a72ce9ea15c_anno.geojson,provisional
1086,8eefc6aa88e64d2dfab8a120d569eac9_anno.geojson,provisional
1087,f129d5be3524a6792b1aa8e066afca61_anno.geojson,provisional
1088,2cc4e6e19dbe318aeb8f154322c8ef19_anno.geojson,provisional
1089,35d150209ece2c1563f2558f66bc1533_anno.geojson,provisional
1090,4656b11ddae5c89847b8a359dda17167_anno.geojson,provisional
1091,a343afc0fe39534e6e3d9fac198253ce_anno.geojson,provisional
1092,2ab0597d1d8fb046bcc6507ce51e194c_anno.geojson,provisional
1093,da48ef882d4a4f8118626297ccdc53b7_anno.geojson,provisional
1094,b76b2ca9a1baa13fe554a760561401f2_anno.geojson,provisional
1095,db3c6e618742b1af933d0a5275f28abe_anno.geojson,provisional
1096,e7150df13b74ac618f1032ba257d4dcd_anno.geojson,provisional
1097,ae535c347c7d5e32acb5dbd1a59095e0_anno.geojson,provisional
1098,4de2f067663be5650bca92baeda143cb_anno.geojson,provisional
1099,dcbadce9b21b73bc9cb5a5bf3d9a0813_anno.geojson,provisional
1100,980167970f3130753724e222c08d1849_anno.geojson,provisional
1101,341ab10b3938df7f4f060af8e1bd9dba_anno.geojson,provisional
1102,11b7b9e8a975edbde3f5f195bf2e9e43_anno.geojson,provisional
1103,f113d8fc299444ef22356111c82fc579_anno.geojson,provisional
1104,c916292cd07d6d52e0b66ae0b858423b_anno.geojson,provisional
1105,c4a8608614d76267a9605a41f9c70798_anno.geojson,provisional
1106,ea54474735a4ed91f1fefd327fc99a29_anno.geojson,provisional
1107,6609908e3e23e0197d954c03ec226dce_anno.geojson,provisional
1108,74fb45d2bfa964d76f0bbb7e15f2f9e1_anno.geojson,provisional
1109,be1fa77eb92f19cdb7beb36ce3a8166a_anno.geojson,provisional
1110,80c3afa12668f9f43021aa6ca474b75f_anno.geojson,provisional
1111,8fc641e99a67e81dd171a67d68196cd9_anno.geojson,provisional
1112,a1ec2133f4454fe9332c9b1f94c6b2f1_anno.geojson,provisional
1113,52d75b951a37c079d8c47ae05e4c5ae6_anno.geojson,provisional
1114,84dd80c3a94668b53db0f1cd27f30ce3_anno.geojson,provisional
1115,9b55bb019b61082e4b741ad68a2c26f2_anno.geojson,provisional
1116,e2e9a34372304494e14b83d4b1c1510b_anno.geojson,provisional
1117,f88158025c4395b2d778e33fcb143bff_anno.geojson,provisional
1118,c630d40f9ede0e9dce321a6554b74b12_anno.geojson,provisional
1119,2f79eceb8a2dd82acd6e3000b010d90c_anno.geojson,provisional
1120,8fda9b484da16d7dad573593ed6fc975_anno.geojson,provisional
1121,f19ca8949a2c3b6de98524d46e4cd020_anno.geojson,provisional
1122,694c5c1c98de5cf007dfbf38432d64ea_anno.geojson,provisional
1123,ad45a5918a626f455971bf3d4057162b_anno.geojson,provisional
1124,b6629e1ead8e182a499c27399dd02d0a_anno.geojson,provisional
1125,8736010d9e15edc435850b50fbee3e8f_anno.geojson,provisional
1126,9f345903ffc0135bab111fbd46856e2f_anno.geojson,provisional
1127,f18fb60084ed0b3db731bb1da677bbd6_anno.geojson,provisional
1128,3483366a79af8bf82cc8938f35f10f01_anno.geojson,provisional
1129,28e815477b936f6dd260b649ed12b318_anno.geojson,provisional
1130,254add92d070d927da1ebc1c4fe45d31_anno.geojson,provisional
1131,99c9a33c0dee7fa799aa092b49a26872_anno.geojson,provisional
1132,be08aafb57eb64d3f046f3a2ca151d27_anno.geojson,provisional
1133,6dd987763617b8d58ccba9281bad5c37_anno.geojson,provisional
1134,e9d38591ffd41140f4e35d384225c903_anno.geojson,provisional
1135,c606b35e35d908ca6ab1f2d5e3c41e47_anno.geojson,provisional
1136,d90f72caade3de96873617e29ed78b6e_anno.geojson,provisional
1137,204608582809ebe40e7292549cf0817d_anno.geojson,provisional
1138,70140309c014157c1fca61f40dc3d529_anno.geojson,provisional
1139,ba87e0677220b535c35f86fa4072ebf6_anno.geojson,provisional
1140,6e3b3dd6957842613f234244145f69b7_anno.geojson,provisional
1141,32928c35c074ea2671d549bd646d1956_anno.geojson,provisional
1142,997bae4bd54bea654ef73b7c7eecf1b0_anno.geojson,provisional
1143,00c8085363badf5a5dc79f90e7d464a4_anno.geojson,provisional
1144,0579d6e2d44715db9a98800d1fe67f14_anno.geojson,provisional
1145,4804d93605d57ac5755cdf9769225979_anno.geojson,provisional
1146,de6e8c182ac96e6b9eb37e653de0fddf_anno.geojson,provisional
1147,0385b405e63413b3d85c7312e55a5238_anno.geojson,provisional
1148,b002070adb62df3625070d6b70f6b84d_anno.geojson,provisional
1149,0075c789ab653be257f40269051bcbcd_anno.geojson,provisional
1150,5226a1f0d5d30c938465268c2b557043_anno.geojson,provisional
1151,82fad9200516ccdc1b02121d2f5e3d41_anno.geojson,provisional
1152,f14857a5c8d5d16f317c2cd1133f2ab5_anno.geojson,provisional
1153,4f389e6990e9d7a6c7a8bbe335b4b8ab_anno.geojson,provisional
1154,16d1bed61b5dcd8ee61411bff5a90102_anno.geojson,provisional
1155,bfcee89337dd0604934c26b4249b35ce_anno.geojson,provisional
1156,475384ba4299149f1c8183f06e74b181_anno.geojson,provisional
1157,3619538d25713006e978af376017dd7e_anno.geojson,provisional
1158,620dba61cc207fabe203293cf231f73a_anno.geojson,provisional
1159,9b534456fe0c91b673ef38751f48bd07_anno.geojson,provisional
1160,a2cba0accc1707dfb64cd9b0112137ad_anno.geojson,provisional
1161,c32406b875a48615f696d0f52953a1bf_anno.geojson,provisional
1162,e81b2a7088522f0f306b3dd6d4e06523_anno.geojson,provisional
1163,7e2138f5c5780d1c7ba5d4c7e9fa81a9_anno.geojson,provisional
1164,5b0c3c058789f5d9449ebd69ee471ae5_anno.geojson,provisional
1165,f2e3cc5442257828dee44f453b6cb027_anno.geojson,provisional
1166,2635e1ce9e09211f77ad411f3fd64237_anno.geojson,provisional
1167,685728783a7f2d00575383eea5b0dc24_anno.geojson,provisional
1168,95564a3c714036e371c5fffb373df448_anno.geojson,provisional
1169,7c688b9e6edba134308d197f998d869b_anno.geojson,provisional
1170,19f624cca734d441de19bafe11414391_anno.geojson,provisional
1171,bf151f6db0ae258efecab792929d7d43_anno.geojson,provisional
1172,a397230e37027916d8b327cfb6f47acf_anno.geojson,provisional
1173,425b7d46579d5d0d014f16997c6428f5_anno.geojson,provisional
1174,d4ae45bc027fa626ef03093b08ef65cd_anno.geojson,provisional
1175,48943b4c3e248193e5d6d8c50052257f_anno.geojson,provisional
1176,916de8582fddd99559cecfa6ab0f8d66_anno.geojson,provisional
1177,c3eabedc98a92dfb18edb987384e0cef_anno.geojson,provisional
1178,1bb43c6ad36e14f6f118ddb1ca09285b_anno.geojson,provisional
1179,0b2b762f7c6cb85e8eb5d14d56286508_anno.geojson,provisional
1180,f1a3101310da225dbbb9cf5a8b7a1f88_anno.geojson,provisional
1181,f9255962314f9bb56ca3970c04d4d62f_anno.geojson,provisional
1182,f5d8067abc7bc1653a24e4e9e7b149ed_anno.geojson,provisional
1183,328ff9a5762acedb3e2f768fedd1dbb5_anno.geojson,provisional
1184,d42498d9fa1238bb574f99cd46c69317_anno.geojson,provisional
1185,871304307a7853d9ae10fffc95f6e6c7_anno.geojson,provisional
1186,6e6a808a9770893ba035347c56e75f33_anno.geojson,provisional
1187,2f4b40095bfbadd2dad105d7bbcf264e_anno.geojson,provisional
1188,4f819743daff60be19d4fd1f6e166283_anno.geojson,provisional
1189,24fb50757cc246396ffe8b86c9efd39c_anno.geojson,provisional
1190,a08e43f3b682c52a5019d68e98e329ce_anno.geojson,provisional
1191,c6dece36ba88d03a3bb6268e8211af6f_anno.geojson,provisional
1192,85efaa350af828bed0b90fa3e38b1fb5_anno.geojson,provisional
1193,c104d9402e203ced513c8d6507c2d5a2_anno.geojson,provisional
1194,3871a2764b7b1658b68ef20924aaf133_anno.geojson,provisional
1195,5faf5dc03f76f6d8efe247dbc645e6f8_anno.geojson,provisional
1196,d2018da6090993cd85cd68c4ed22877c_anno.geojson,provisional
1197,02a6a1cf59a3d553ee005a57f5eb8a33_anno.geojson,provisional
1198,a5a2c6b3520c245aaab5872db04ccc71_anno.geojson,provisional
1199,f131a47ea8e8569c7634b5b0980377e3_anno.geojson,provisional
1200,7438c63ac7626e41096295d6f2b055bc_anno.geojson,provisional
1201,69adb99e29c7dfd87373ff537aef9808_anno.geojson,provisional
1202,57003526b861f6d5731fec6a55d00dfc_anno.geojson,provisional
1203,992b8b6486a1b71d6f27dc4ff7bc1f61_anno.geojson,provisional
1204,ac41c9d3498c5cc7e9186e9718a2322a_anno.geojson,provisional
1205,c2d7542a1c9d3f794d145a33ff44d6a1_anno.geojson,provisional
1206,f2687c72683f2e61a3600c3705ad8ef9_anno.geojson,provisional
1207,0413df9b7026ff392001f05dc4052aec_anno.geojson,provisional
1208,20cec14e756812301ff0aa1190e2abd4_anno.geojson,provisional
1209,d44ed63302aa3ca5184e5fee999fff2f_anno.geojson,provisional
1210,348ba5d3b15db8e891a498eb16eaed6b_anno.geojson,provisional
1211,7eab1b3e2ec615c2cca53eefab669947_anno.geojson,provisional
1212,aa5c35416ef55f93078196e621013c76_anno.geojson,provisional
1213,217167dbadc236d7c5fe07e7068d03f9_anno.geojson,provisional
1214,7a861b5640bb68ff105eda82e856cd3f_anno.geojson,provisional
1215,4ac1b4413de47d5571936e2392481ce6_anno.geojson,provisional
1216,6be22d32cc7046bbc1dca12085f38f90_anno.geojson,provisional
1217,4f2635c6c45ca14f2a78c81ca606f3d9_anno.geojson,provisional
1218,2dad29edf5b2ce74200cd88605b87637_anno.geojson,provisional
1219,138e75c7ac23aabe6efd30fb56ab4539_anno.geojson,provisional
1220,f0f7047cf2b3b314af04afe368fe605e_anno.geojson,provisional
1221,cf3df19ce3e04722bc246b65857c4b2f_anno.geojson,provisional
1222,0d3da0c680b1c5ceccfa0b77e58c8965_anno.geojson,provisional
1223,ea2ce8acc658683361ffc349b4614f3f_anno.geojson,provisional
1224,a3e910813e0c28f2c2b00df8a413f6d0_anno.geojson,provisional
1225,10a6a679979c88da32d4ec04aed38b02_anno.geojson,provisional
1226,696adf7e9ea2510a0b3080d13718fd28_anno.geojson,provisional
1227,284e2fe887ecd1a3bb85d6aa2a7381b5_anno.geojson,provisional
1228,71eb821c4b4c4dfd1d7233bac154c9ae_anno.geojson,provisional
1229,29b8e9f00a969596ce084bcf0ee554b7_anno.geojson,provisional
1230,a56655eaa8ed9785a869d71a13261cfe_anno.geojson,provisional
1231,686ac81c035dece83289ea20f84764aa_anno.geojson,provisional
1232,ad3157db245ecf442600f9bcc0ee7273_anno.geojson,provisional
1233,a2d8777db4996e592c9df098aad40e96_anno.geojson,provisional
1234,1e375c95d283358b3f491c2d645200a8_anno.geojson,provisional
1235,1f23463a3a87c16fa001db49aee33fcd_anno.geojson,provisional
1236,e875a6adc087bcbcc9259fb4edb74d3f_anno.geojson,provisional
1237,41be478f2cca52808156271847d063dc_anno.geojson,provisional
1238,c8744c5ff33e65dfe3875674624a9dae_anno.geojson,provisional
1239,5f372da52326d122017b0804b0e4e46e_anno.geojson,provisional
1240,63470a351d4771f1f718f3fc4f86cc56_anno.geojson,provisional
1241,b59ddf2bb251066a9e7c023d60a45eb1_anno.geojson,provisional
1242,1b084210cb550568571730a70e1bf665_anno.geojson,provisional
1243,75d72010343cb7ef2bfb0bd89f991cd1_anno.geojson,provisional
1244,196ac73418cbb9cb9a6007da9c0f8486_anno.geojson,provisional
1245,9d78acf2001309a05b0e593e535939fa_anno.geojson,provisional
1246,857108f0675216250c5685b6cd4e7758_anno.geojson,provisional
1247,8dc228bce70afadaf55c0d150079f8a0_anno.geojson,provisional
1248,16388bad538200cb874292d7e07395fe_anno.geojson,provisional
1249,d059793365a8885235da59a5d3d76cf9_anno.geojson,provisional
1250,4722132d6860d7a8be7bfe660df700a0_anno.geojson,provisional
1251,f6570781d44e6f7a6ab49a50045e825a_anno.geojson,provisional
1252,f0a0671320672e7daf051fa115afc430_anno.geojson,provisional
1253,b325bf51aa101537763324e1634a3251_anno.geojson,provisional
1254,551d543cc8b999377d40c369ba925338_anno.geojson,provisional
1255,41d563ba71f99b810fbbd6d773e086a1_anno.geojson,provisional
1256,e46afbdf1d8c7d56e58424e9c069a811_anno.geojson,provisional
1257,120a7e7ed11f699ccf51a663440cd7d5_anno.geojson,provisional
1258,4bdabf3c9efe037a24b264795b22874e_anno.geojson,provisional
1259,d750a49c60bb6c4f9be7e2cd5b4f8ae5_anno.geojson,provisional
1260,ae5c8ed781ea0aab7611b9a9b8f07b98_anno.geojson,provisional
1261,bb176c2aafa1e57ef228898059114f2f_anno.geojson,provisional
1262,25e42e96865aba2043a46a705025c8bf_anno.geojson,provisional
1263,7930e483dc6757bef32a233aa7bdf522_anno.geojson,provisional
1264,8575175f77080869aecf6133fc079d1a_anno.geojson,provisional
1265,b3f79b4e4e4d10dbed4870373dd1dbbe_anno.geojson,provisional
1266,81f20c7cdeb1d9fe7f4954803d68b6b4_anno.geojson,provisional
1267,e5d7ba8bf3ffa5567c6483c6a0780b0b_anno.geojson,provisional
1268,0de49a2662444288f3631e83c459e3bc_anno.geojson,provisional
1269,62220b6e77d2de4f0f06ddeab5739ac7_anno.geojson,provisional
1270,e8a042362940c06669674392abd00caf_anno.geojson,provisional
1271,da781f04b4554790fe0fd732fdc3b128_anno.geojson,provisional
1272,404495cc395ea86dcf70876062cadf6b_anno.geojson,provisional
1273,c09fc3b1ba959875616269c2df08a3ac_anno.geojson,provisional
1274,6e5b5416fff066d014a1bcc2525ea062_anno.geojson,provisional
1275,70f4de690b3200202f5ba77afb28a2fd_anno.geojson,provisional
1276,83b760c0061d287021a3b7e3acb35076_anno.geojson,provisional
1277,00df8ccbb668fb2cee9fd9a4e938de97_anno.geojson,provisional
1278,2a6ddd80fee6018382e28dd72450f1d7_anno.geojson,provisional
1279,eea519f7deb49355d05e30058faa71a7_anno.geojson,provisional
1280,dc339204e68ec0c2bdc5a6f8e0e298f5_anno.geojson,provisional
1281,619ea57176b8cfa81b9f9eb14aee7f5d_anno.geojson,provisional
1282,d6f04f4a01a986dc39e33440bb9271fe_anno.geojson,provisional
1283,d84ce2eba7cd3008f390b3f6f37c5881_anno.geojson,provisional
1284,2535beb56377b745571324a87936bd28_anno.geojson,provisional
1285,440f9a35cd3db6b98610a805db793c6a_anno.geojson,provisional
1286,f5a5b7d0cba4bc62d0a174c9e859d5f0_anno.geojson,provisional
1287,dd44e687036bd7b2f1a0c60c907086e1_anno.geojson,provisional
1288,695866a56e733124e34cfab1b262db3f_anno.geojson,provisional
1289,734d1bc63cf1d6e986ffc90afba428d0_anno.geojson,provisional
1290,3e349f8fdb86a38f5b7e0e00d43eaa81_anno.geojson,provisional
1291,ddbc22dcf00d6aa74949eb97449662b5_anno.geojson,provisional
1292,072c3606db00376592299068ea614d77_anno.geojson,provisional
1293,c048ba3b4ed984f7e7c301b8a27173fc_anno.geojson,provisional
1294,945aecac196030baf71d3ffe97cd7fb0_anno.geojson,provisional
1295,51270d10825de4fc6146dbd9a8f21886_anno.geojson,provisional
1296,d3250a2be400284f2b0cf4ddf644f53f_anno.geojson,provisional
1297,bfa029a6418033d66c295cdcf83fc923_anno.geojson,provisional
1298,f19965140a98bb9afd97c12e2ab5d828_anno.geojson,provisional
1299,4b4a0f95be87be832771841299c7fb0f_anno.geojson,provisional
1300,958aced183eaad0c1d4a78c149ed17ca_anno.geojson,provisional
